,FILE_NAME,PATH,SOURCE,WIDTH,HEIGHT,DEPTH,SEGMENTED,OBJECT_NAME,OBJECT_POSE,OBJECT_TRUNCATED,DIFFICULT,BND_BOX
0,dataset,/CSE-800/Thesis/2020-01-23/dataset/img-656.jpg,"
		",300,440,3,0,pothole,Unspecified,0,0,"
			"
1,dataset,/CSE-800/Thesis/2020-01-23/dataset/img-459.jpg,"
		",533,300,3,0,pothole,Unspecified,0,0,"
			"
2,dataset,/CSE-800/Thesis/2020-01-23/dataset/img-526.jpg,"
		",407,300,3,0,pothole,Unspecified,0,0,"
			"
3,dataset,/CSE-800/Thesis/2020-01-23/dataset/img-581.jpg,"
		",447,300,3,0,pothole,Unspecified,0,0,"
			"
4,dataset,/CSE-800/Thesis/2020-01-23/dataset/img-434.jpg,"
		",450,300,3,0,pothole,Unspecified,0,0,"
			"
5,dataset,/CSE-800/Thesis/2020-01-23/dataset/img-556.jpg,"
		",400,300,3,0,pothole,Unspecified,0,0,"
			"
6,dataset,/CSE-800/Thesis/2020-01-23/dataset/img-17.jpg,"
		",720,720,3,0,pothole,Unspecified,0,0,"
			"
7,dataset,/CSE-800/Thesis/2020-01-23/dataset/img-296.jpg,"
		",544,300,3,0,pothole,Unspecified,1,0,"
			"
8,dataset,/CSE-800/Thesis/2020-01-23/dataset/img-420.jpg,"
		",450,300,3,0,pothole,Unspecified,0,0,"
			"
9,dataset,/CSE-800/Thesis/2020-01-23/dataset/img-460.jpg,"
		",451,300,3,0,pothole,Unspecified,0,0,"
			"
10,dataset,/CSE-800/Thesis/2020-01-23/dataset/img-74.jpg,"
		",720,720,3,0,pothole,Unspecified,0,0,"
			"
11,dataset,/CSE-800/Thesis/2020-01-23/dataset/img-282.jpg,"
		",720,720,3,0,pothole,Unspecified,0,0,"
			"
12,dataset,/CSE-800/Thesis/2020-01-23/dataset/img-47.jpg,"
		",720,720,3,0,pothole,Unspecified,0,0,"
			"
13,dataset,/CSE-800/Thesis/2020-01-23/dataset/img-148.jpg,"
		",720,720,3,0,pothole,Unspecified,0,0,"
			"
14,dataset,/CSE-800/Thesis/2020-01-23/dataset/img-259.jpg,"
		",720,720,3,0,pothole,Unspecified,0,0,"
			"
15,dataset,/CSE-800/Thesis/2020-01-23/dataset/img-24.jpg,"
		",720,720,3,0,pothole,Unspecified,0,0,"
			"
16,dataset,/CSE-800/Thesis/2020-01-23/dataset/img-567.jpg,"
		",450,300,3,0,pothole,Unspecified,0,0,"
			"
17,dataset,/CSE-800/Thesis/2020-01-23/dataset/img-403.jpg,"
		",527,300,3,0,pothole,Unspecified,0,0,"
			"
18,dataset,/CSE-800/Thesis/2020-01-23/dataset/img-90.jpg,"
		",720,720,3,0,pothole,Unspecified,0,0,"
			"
19,dataset,/CSE-800/Thesis/2020-01-23/dataset/img-579.jpg,"
		",400,300,3,0,pothole,Unspecified,1,0,"
			"
20,dataset,/CSE-800/Thesis/2020-01-23/dataset/img-347.jpg,"
		",400,300,3,0,pothole,Unspecified,0,0,"
			"
21,dataset,/CSE-800/Thesis/2020-01-23/dataset/img-299.jpg,"
		",453,300,3,0,pothole,Unspecified,0,0,"
			"
22,dataset,/CSE-800/Thesis/2020-01-23/dataset/img-505.jpg,"
		",571,300,3,0,pothole,Unspecified,0,0,"
			"
23,dataset,/CSE-800/Thesis/2020-01-23/dataset/img-384.jpg,"
		",402,300,3,0,pothole,Unspecified,0,0,"
			"
24,dataset,/CSE-800/Thesis/2020-01-23/dataset/img-338.jpg,"
		",400,300,3,0,pothole,Unspecified,0,0,"
			"
25,dataset,/CSE-800/Thesis/2020-01-23/dataset/img-536.jpg,"
		",533,300,3,0,pothole,Unspecified,1,0,"
			"
26,dataset,/CSE-800/Thesis/2020-01-23/dataset/img-48.jpg,"
		",720,720,3,0,pothole,Unspecified,0,0,"
			"
27,dataset,/CSE-800/Thesis/2020-01-23/dataset/img-503.jpg,"
		",600,300,3,0,pothole,Unspecified,0,0,"
			"
28,dataset,/CSE-800/Thesis/2020-01-23/dataset/img-204.jpg,"
		",720,720,3,0,pothole,Unspecified,0,0,"
			"
29,dataset,/CSE-800/Thesis/2020-01-23/dataset/img-532.jpg,"
		",517,300,3,0,pothole,Unspecified,1,0,"
			"
30,dataset,/CSE-800/Thesis/2020-01-23/dataset/img-305.jpg,"
		",574,300,3,0,pothole,Unspecified,0,0,"
			"
31,dataset,/CSE-800/Thesis/2020-01-23/dataset/img-88.jpg,"
		",720,720,3,0,pothole,Unspecified,0,0,"
			"
32,dataset,/CSE-800/Thesis/2020-01-23/dataset/img-664.jpg,"
		",400,300,3,0,pothole,Unspecified,1,0,"
			"
33,dataset,/CSE-800/Thesis/2020-01-23/dataset/img-509.jpg,"
		",533,300,3,0,pothole,Unspecified,1,0,"
			"
34,dataset,/CSE-800/Thesis/2020-01-23/dataset/img-559.jpg,"
		",533,300,3,0,pothole,Unspecified,0,0,"
			"
35,dataset,/CSE-800/Thesis/2020-01-23/dataset/img-605.jpg,"
		",421,300,3,0,pothole,Unspecified,0,0,"
			"
36,dataset,/CSE-800/Thesis/2020-01-23/dataset/img-6.jpg,"
		",720,720,3,0,pothole,Unspecified,0,0,"
			"
37,dataset,/CSE-800/Thesis/2020-01-23/dataset/img-309.jpg,"
		",533,300,3,0,pothole,Unspecified,1,0,"
			"
38,dataset,/CSE-800/Thesis/2020-01-23/dataset/img-215.jpg,"
		",720,720,3,0,pothole,Unspecified,0,0,"
			"
39,dataset,/CSE-800/Thesis/2020-01-23/dataset/img-92.jpg,"
		",720,720,3,0,pothole,Unspecified,0,0,"
			"
40,dataset,/CSE-800/Thesis/2020-01-23/dataset/img-269.jpg,"
		",720,720,3,0,pothole,Unspecified,0,0,"
			"
41,dataset,/CSE-800/Thesis/2020-01-23/dataset/img-206.jpg,"
		",720,720,3,0,pothole,Unspecified,0,0,"
			"
42,dataset,/CSE-800/Thesis/2020-01-23/dataset/img-69.jpg,"
		",720,720,3,0,pothole,Unspecified,0,0,"
			"
43,dataset,/CSE-800/Thesis/2020-01-23/dataset/img-633.jpg,"
		",399,300,3,0,pothole,Unspecified,0,0,"
			"
44,dataset,/CSE-800/Thesis/2020-01-23/dataset/img-590.jpg,"
		",534,300,3,0,pothole,Unspecified,1,0,"
			"
45,dataset,/CSE-800/Thesis/2020-01-23/dataset/img-13.jpg,"
		",720,720,3,0,pothole,Unspecified,0,0,"
			"
46,dataset,/CSE-800/Thesis/2020-01-23/dataset/img-225.jpg,"
		",720,720,3,0,pothole,Unspecified,0,0,"
			"
47,dataset,/CSE-800/Thesis/2020-01-23/dataset/img-162.jpg,"
		",720,720,3,0,pothole,Unspecified,0,0,"
			"
48,dataset,/CSE-800/Thesis/2020-01-23/dataset/img-598.jpg,"
		",533,300,3,0,pothole,Unspecified,0,0,"
			"
49,dataset,/CSE-800/Thesis/2020-01-23/dataset/img-402.jpg,"
		",449,300,3,0,pothole,Unspecified,0,0,"
			"
50,dataset,/CSE-800/Thesis/2020-01-23/dataset/img-439.jpg,"
		",684,300,3,0,pothole,Unspecified,0,0,"
			"
51,dataset,/CSE-800/Thesis/2020-01-23/dataset/img-203.jpg,"
		",720,720,3,0,pothole,Unspecified,0,0,"
			"
52,dataset,/CSE-800/Thesis/2020-01-23/dataset/img-185.jpg,"
		",720,720,3,0,pothole,Unspecified,0,0,"
			"
53,dataset,/CSE-800/Thesis/2020-01-23/dataset/img-577.jpg,"
		",480,300,3,0,pothole,Unspecified,0,0,"
			"
54,dataset,/CSE-800/Thesis/2020-01-23/dataset/img-18.jpg,"
		",720,720,3,0,pothole,Unspecified,0,0,"
			"
55,dataset,/CSE-800/Thesis/2020-01-23/dataset/img-644.jpg,"
		",300,399,3,0,pothole,Unspecified,0,0,"
			"
56,dataset,/CSE-800/Thesis/2020-01-23/dataset/img-196.jpg,"
		",720,720,3,0,pothole,Unspecified,0,0,"
			"
57,dataset,/CSE-800/Thesis/2020-01-23/dataset/img-45.jpg,"
		",720,720,3,0,pothole,Unspecified,0,0,"
			"
58,dataset,/CSE-800/Thesis/2020-01-23/dataset/img-409.jpg,"
		",455,300,3,0,pothole,Unspecified,0,0,"
			"
59,dataset,/CSE-800/Thesis/2020-01-23/dataset/img-109.jpg,"
		",720,720,3,0,pothole,Unspecified,0,0,"
			"
60,dataset,/CSE-800/Thesis/2020-01-23/dataset/img-16.jpg,"
		",720,720,3,0,pothole,Unspecified,0,0,"
			"
61,dataset,/CSE-800/Thesis/2020-01-23/dataset/img-625.jpg,"
		",533,300,3,0,pothole,Unspecified,0,0,"
			"
62,dataset,/CSE-800/Thesis/2020-01-23/dataset/img-389.jpg,"
		",480,300,3,0,pothole,Unspecified,0,0,"
			"
63,dataset,/CSE-800/Thesis/2020-01-23/dataset/img-216.jpg,"
		",720,720,3,0,pothole,Unspecified,0,0,"
			"
64,dataset,/CSE-800/Thesis/2020-01-23/dataset/img-234.jpg,"
		",720,720,3,0,pothole,Unspecified,0,0,"
			"
65,dataset,/CSE-800/Thesis/2020-01-23/dataset/img-138.jpg,"
		",720,720,3,0,pothole,Unspecified,0,0,"
			"
66,dataset,/CSE-800/Thesis/2020-01-23/dataset/img-101.jpg,"
		",720,720,3,0,pothole,Unspecified,0,0,"
			"
67,dataset,/CSE-800/Thesis/2020-01-23/dataset/img-561.jpg,"
		",400,300,3,0,pothole,Unspecified,0,0,"
			"
68,dataset,/CSE-800/Thesis/2020-01-23/dataset/img-247.jpg,"
		",720,720,3,0,pothole,Unspecified,0,0,"
			"
69,dataset,/CSE-800/Thesis/2020-01-23/dataset/img-594.jpg,"
		",457,300,3,0,pothole,Unspecified,0,0,"
			"
70,dataset,/CSE-800/Thesis/2020-01-23/dataset/img-454.jpg,"
		",381,300,3,0,pothole,Unspecified,0,0,"
			"
71,dataset,/CSE-800/Thesis/2020-01-23/dataset/img-535.jpg,"
		",449,300,3,0,pothole,Unspecified,0,0,"
			"
72,dataset,/CSE-800/Thesis/2020-01-23/dataset/img-21.jpg,"
		",720,720,3,0,pothole,Unspecified,0,0,"
			"
73,dataset,/CSE-800/Thesis/2020-01-23/dataset/img-647.jpg,"
		",533,300,3,0,pothole,Unspecified,0,0,"
			"
74,dataset,/CSE-800/Thesis/2020-01-23/dataset/img-332.jpg,"
		",480,300,3,0,pothole,Unspecified,0,0,"
			"
75,dataset,/CSE-800/Thesis/2020-01-23/dataset/img-58.jpg,"
		",720,720,3,0,pothole,Unspecified,0,0,"
			"
76,dataset,/CSE-800/Thesis/2020-01-23/dataset/img-399.jpg,"
		",447,300,3,0,pothole,Unspecified,0,0,"
			"
77,dataset,/CSE-800/Thesis/2020-01-23/dataset/img-15.jpg,"
		",720,720,3,0,pothole,Unspecified,0,0,"
			"
78,dataset,/CSE-800/Thesis/2020-01-23/dataset/img-239.jpg,"
		",720,720,3,0,pothole,Unspecified,0,0,"
			"
79,dataset,/CSE-800/Thesis/2020-01-23/dataset/img-452.jpg,"
		",604,300,3,0,pothole,Unspecified,0,0,"
			"
80,dataset,/CSE-800/Thesis/2020-01-23/dataset/img-287.jpg,"
		",401,300,3,0,pothole,Unspecified,0,0,"
			"
81,dataset,/CSE-800/Thesis/2020-01-23/dataset/img-495.jpg,"
		",544,300,3,0,pothole,Unspecified,1,0,"
			"
82,dataset,/CSE-800/Thesis/2020-01-23/dataset/img-519.jpg,"
		",300,450,3,0,pothole,Unspecified,0,0,"
			"
83,dataset,/CSE-800/Thesis/2020-01-23/dataset/img-653.jpg,"
		",450,300,3,0,pothole,Unspecified,1,0,"
			"
84,dataset,/CSE-800/Thesis/2020-01-23/dataset/img-242.jpg,"
		",720,720,3,0,pothole,Unspecified,0,0,"
			"
85,dataset,/CSE-800/Thesis/2020-01-23/dataset/img-327.jpg,"
		",600,300,3,0,pothole,Unspecified,0,0,"
			"
86,dataset,/CSE-800/Thesis/2020-01-23/dataset/img-94.jpg,"
		",720,720,3,0,pothole,Unspecified,0,0,"
			"
87,dataset,/CSE-800/Thesis/2020-01-23/dataset/img-584.jpg,"
		",459,300,3,0,pothole,Unspecified,0,0,"
			"
88,dataset,/CSE-800/Thesis/2020-01-23/dataset/img-188.jpg,"
		",720,720,3,0,pothole,Unspecified,0,0,"
			"
89,dataset,/CSE-800/Thesis/2020-01-23/dataset/img-200.jpg,"
		",720,720,3,0,pothole,Unspecified,0,0,"
			"
90,dataset,/CSE-800/Thesis/2020-01-23/dataset/img-268.jpg,"
		",720,720,3,0,pothole,Unspecified,0,0,"
			"
91,dataset,/CSE-800/Thesis/2020-01-23/dataset/img-91.jpg,"
		",720,720,3,0,pothole,Unspecified,0,0,"
			"
92,dataset,/CSE-800/Thesis/2020-01-23/dataset/img-361.jpg,"
		",533,300,3,0,pothole,Unspecified,0,0,"
			"
93,dataset,/CSE-800/Thesis/2020-01-23/dataset/img-273.jpg,"
		",720,720,3,0,pothole,Unspecified,0,0,"
			"
94,dataset,/CSE-800/Thesis/2020-01-23/dataset/img-295.jpg,"
		",533,300,3,0,pothole,Unspecified,0,0,"
			"
95,dataset,/CSE-800/Thesis/2020-01-23/dataset/img-274.jpg,"
		",720,720,3,0,pothole,Unspecified,0,0,"
			"
96,dataset,/CSE-800/Thesis/2020-01-23/dataset/img-400.jpg,"
		",533,300,3,0,pothole,Unspecified,0,0,"
			"
97,dataset,/CSE-800/Thesis/2020-01-23/dataset/img-284.jpg,"
		",720,720,3,0,pothole,Unspecified,0,0,"
			"
98,dataset,/CSE-800/Thesis/2020-01-23/dataset/img-187.jpg,"
		",720,720,3,0,pothole,Unspecified,0,0,"
			"
99,dataset,/CSE-800/Thesis/2020-01-23/dataset/img-152.jpg,"
		",720,720,3,0,pothole,Unspecified,0,0,"
			"
100,dataset,/CSE-800/Thesis/2020-01-23/dataset/img-232.jpg,"
		",720,720,3,0,pothole,Unspecified,0,0,"
			"
101,dataset,/CSE-800/Thesis/2020-01-23/dataset/img-446.jpg,"
		",396,300,3,0,pothole,Unspecified,0,0,"
			"
102,dataset,/CSE-800/Thesis/2020-01-23/dataset/img-340.jpg,"
		",450,300,3,0,pothole,Unspecified,0,0,"
			"
103,dataset,/CSE-800/Thesis/2020-01-23/dataset/img-71.jpg,"
		",720,720,3,0,pothole,Unspecified,0,0,"
			"
104,dataset,/CSE-800/Thesis/2020-01-23/dataset/img-423.jpg,"
		",443,300,3,0,pothole,Unspecified,0,0,"
			"
105,dataset,/CSE-800/Thesis/2020-01-23/dataset/img-23.jpg,"
		",720,720,3,0,pothole,Unspecified,0,0,"
			"
106,dataset,/CSE-800/Thesis/2020-01-23/dataset/img-378.jpg,"
		",400,300,3,0,pothole,Unspecified,0,0,"
			"
107,dataset,/CSE-800/Thesis/2020-01-23/dataset/img-264.jpg,"
		",720,720,3,0,pothole,Unspecified,0,0,"
			"
108,dataset,/CSE-800/Thesis/2020-01-23/dataset/img-161.jpg,"
		",720,720,3,0,pothole,Unspecified,0,0,"
			"
109,dataset,/CSE-800/Thesis/2020-01-23/dataset/img-39.jpg,"
		",720,720,3,0,pothole,Unspecified,0,0,"
			"
110,dataset,/CSE-800/Thesis/2020-01-23/dataset/img-223.jpg,"
		",720,720,3,0,pothole,Unspecified,0,0,"
			"
111,dataset,/CSE-800/Thesis/2020-01-23/dataset/img-321.jpg,"
		",300,300,3,0,pothole,Unspecified,1,0,"
			"
112,dataset,/CSE-800/Thesis/2020-01-23/dataset/img-243.jpg,"
		",720,720,3,0,pothole,Unspecified,0,0,"
			"
113,dataset,/CSE-800/Thesis/2020-01-23/dataset/img-353.jpg,"
		",400,300,3,0,pothole,Unspecified,0,0,"
			"
114,dataset,/CSE-800/Thesis/2020-01-23/dataset/img-127.jpg,"
		",720,720,3,0,pothole,Unspecified,0,0,"
			"
115,dataset,/CSE-800/Thesis/2020-01-23/dataset/img-388.jpg,"
		",400,300,3,0,pothole,Unspecified,0,0,"
			"
116,dataset,/CSE-800/Thesis/2020-01-23/dataset/img-390.jpg,"
		",300,400,3,0,pothole,Unspecified,0,0,"
			"
117,dataset,/CSE-800/Thesis/2020-01-23/dataset/img-363.jpg,"
		",300,400,3,0,pothole,Unspecified,0,0,"
			"
118,dataset,/CSE-800/Thesis/2020-01-23/dataset/img-602.jpg,"
		",529,300,3,0,pothole,Unspecified,0,0,"
			"
119,dataset,/CSE-800/Thesis/2020-01-23/dataset/img-453.jpg,"
		",450,300,3,0,pothole,Unspecified,0,0,"
			"
120,dataset,/CSE-800/Thesis/2020-01-23/dataset/img-115.jpg,"
		",720,720,3,0,pothole,Unspecified,0,0,"
			"
121,dataset,/CSE-800/Thesis/2020-01-23/dataset/img-517.jpg,"
		",533,300,3,0,pothole,Unspecified,0,0,"
			"
122,dataset,/CSE-800/Thesis/2020-01-23/dataset/img-14.jpg,"
		",720,720,3,0,pothole,Unspecified,0,0,"
			"
123,dataset,/CSE-800/Thesis/2020-01-23/dataset/img-407.jpg,"
		",400,300,3,0,pothole,Unspecified,0,0,"
			"
124,dataset,/CSE-800/Thesis/2020-01-23/dataset/img-304.jpg,"
		",503,300,3,0,pothole,Unspecified,1,0,"
			"
125,dataset,/CSE-800/Thesis/2020-01-23/dataset/img-231.jpg,"
		",720,720,3,0,pothole,Unspecified,0,0,"
			"
126,dataset,/CSE-800/Thesis/2020-01-23/dataset/img-349.jpg,"
		",452,300,3,0,pothole,Unspecified,0,0,"
			"
127,dataset,/CSE-800/Thesis/2020-01-23/dataset/img-10.jpg,"
		",720,720,3,0,pothole,Unspecified,0,0,"
			"
128,dataset,/CSE-800/Thesis/2020-01-23/dataset/img-417.jpg,"
		",480,300,3,0,pothole,Unspecified,0,0,"
			"
129,dataset,/CSE-800/Thesis/2020-01-23/dataset/img-222.jpg,"
		",720,720,3,0,pothole,Unspecified,0,0,"
			"
130,dataset,/CSE-800/Thesis/2020-01-23/dataset/img-508.jpg,"
		",533,300,3,0,pothole,Unspecified,0,0,"
			"
131,dataset,/CSE-800/Thesis/2020-01-23/dataset/img-661.jpg,"
		",533,300,3,0,pothole,Unspecified,1,0,"
			"
132,dataset,/CSE-800/Thesis/2020-01-23/dataset/img-66.jpg,"
		",720,720,3,0,pothole,Unspecified,0,0,"
			"
133,dataset,/CSE-800/Thesis/2020-01-23/dataset/img-228.jpg,"
		",720,720,3,0,pothole,Unspecified,0,0,"
			"
134,dataset,/CSE-800/Thesis/2020-01-23/dataset/img-44.jpg,"
		",720,720,3,0,pothole,Unspecified,0,0,"
			"
135,dataset,/CSE-800/Thesis/2020-01-23/dataset/img-563.jpg,"
		",533,300,3,0,pothole,Unspecified,0,0,"
			"
136,dataset,/CSE-800/Thesis/2020-01-23/dataset/img-484.jpg,"
		",450,300,3,0,pothole,Unspecified,0,0,"
			"
137,dataset,/CSE-800/Thesis/2020-01-23/dataset/img-131.jpg,"
		",720,720,3,0,pothole,Unspecified,0,0,"
			"
138,dataset,/CSE-800/Thesis/2020-01-23/dataset/img-356.jpg,"
		",533,300,3,0,pothole,Unspecified,0,0,"
			"
139,dataset,/CSE-800/Thesis/2020-01-23/dataset/img-419.jpg,"
		",451,300,3,0,pothole,Unspecified,1,0,"
			"
140,dataset,/CSE-800/Thesis/2020-01-23/dataset/img-209.jpg,"
		",720,720,3,0,pothole,Unspecified,0,0,"
			"
141,dataset,/CSE-800/Thesis/2020-01-23/dataset/img-301.jpg,"
		",534,300,3,0,pothole,Unspecified,0,0,"
			"
142,dataset,/CSE-800/Thesis/2020-01-23/dataset/img-294.jpg,"
		",534,300,3,0,pothole,Unspecified,0,0,"
			"
143,dataset,/CSE-800/Thesis/2020-01-23/dataset/img-618.jpg,"
		",533,300,3,0,pothole,Unspecified,0,0,"
			"
144,dataset,/CSE-800/Thesis/2020-01-23/dataset/img-528.jpg,"
		",450,300,3,0,pothole,Unspecified,0,0,"
			"
145,dataset,/CSE-800/Thesis/2020-01-23/dataset/img-107.jpg,"
		",720,720,3,0,pothole,Unspecified,0,0,"
			"
146,dataset,/CSE-800/Thesis/2020-01-23/dataset/img-355.jpg,"
		",300,400,3,0,pothole,Unspecified,0,0,"
			"
147,dataset,/CSE-800/Thesis/2020-01-23/dataset/img-99.jpg,"
		",720,720,3,0,pothole,Unspecified,0,0,"
			"
148,dataset,/CSE-800/Thesis/2020-01-23/dataset/img-267.jpg,"
		",720,720,3,0,pothole,Unspecified,0,0,"
			"
149,dataset,/CSE-800/Thesis/2020-01-23/dataset/img-344.jpg,"
		",449,300,3,0,pothole,Unspecified,0,0,"
			"
150,dataset,/CSE-800/Thesis/2020-01-23/dataset/img-455.jpg,"
		",455,300,3,0,pothole,Unspecified,0,0,"
			"
151,dataset,/CSE-800/Thesis/2020-01-23/dataset/img-235.jpg,"
		",720,720,3,0,pothole,Unspecified,0,0,"
			"
152,dataset,/CSE-800/Thesis/2020-01-23/dataset/img-276.jpg,"
		",720,720,3,0,pothole,Unspecified,0,0,"
			"
153,dataset,/CSE-800/Thesis/2020-01-23/dataset/img-636.jpg,"
		",450,300,3,0,pothole,Unspecified,0,0,"
			"
154,dataset,/CSE-800/Thesis/2020-01-23/dataset/img-441.jpg,"
		",533,300,3,0,pothole,Unspecified,0,0,"
			"
155,dataset,/CSE-800/Thesis/2020-01-23/dataset/img-496.jpg,"
		",465,300,3,0,pothole,Unspecified,1,0,"
			"
156,dataset,/CSE-800/Thesis/2020-01-23/dataset/img-320.jpg,"
		",688,300,3,0,pothole,Unspecified,0,0,"
			"
157,dataset,/CSE-800/Thesis/2020-01-23/dataset/img-77.jpg,"
		",720,720,3,0,pothole,Unspecified,0,0,"
			"
158,dataset,/CSE-800/Thesis/2020-01-23/dataset/img-545.jpg,"
		",677,300,3,0,pothole,Unspecified,0,0,"
			"
159,dataset,/CSE-800/Thesis/2020-01-23/dataset/img-290.jpg,"
		",533,300,3,0,pothole,Unspecified,1,0,"
			"
160,dataset,/CSE-800/Thesis/2020-01-23/dataset/img-392.jpg,"
		",449,300,3,0,pothole,Unspecified,0,0,"
			"
161,dataset,/CSE-800/Thesis/2020-01-23/dataset/img-360.jpg,"
		",300,442,3,0,pothole,Unspecified,0,0,"
			"
162,dataset,/CSE-800/Thesis/2020-01-23/dataset/img-179.jpg,"
		",720,720,3,0,pothole,Unspecified,0,0,"
			"
163,dataset,/CSE-800/Thesis/2020-01-23/dataset/img-114.jpg,"
		",720,720,3,0,pothole,Unspecified,0,0,"
			"
164,dataset,/CSE-800/Thesis/2020-01-23/dataset/img-488.jpg,"
		",400,300,3,0,pothole,Unspecified,0,0,"
			"
165,dataset,/CSE-800/Thesis/2020-01-23/dataset/img-59.jpg,"
		",720,720,3,0,pothole,Unspecified,0,0,"
			"
166,dataset,/CSE-800/Thesis/2020-01-23/dataset/img-339.jpg,"
		",553,300,3,0,pothole,Unspecified,0,0,"
			"
167,dataset,/CSE-800/Thesis/2020-01-23/dataset/img-603.jpg,"
		",300,533,3,0,pothole,Unspecified,1,0,"
			"
168,dataset,/CSE-800/Thesis/2020-01-23/dataset/img-565.jpg,"
		",406,300,3,0,pothole,Unspecified,1,0,"
			"
169,dataset,/CSE-800/Thesis/2020-01-23/dataset/img-498.jpg,"
		",453,300,3,0,pothole,Unspecified,0,0,"
			"
170,dataset,/CSE-800/Thesis/2020-01-23/dataset/img-313.jpg,"
		",400,300,3,0,pothole,Unspecified,0,0,"
			"
171,dataset,/CSE-800/Thesis/2020-01-23/dataset/img-510.jpg,"
		",583,300,3,0,pothole,Unspecified,0,0,"
			"
172,dataset,/CSE-800/Thesis/2020-01-23/dataset/img-634.jpg,"
		",450,300,3,0,pothole,Unspecified,0,0,"
			"
173,dataset,/CSE-800/Thesis/2020-01-23/dataset/img-316.jpg,"
		",458,300,3,0,pothole,Unspecified,0,0,"
			"
174,dataset,/CSE-800/Thesis/2020-01-23/dataset/img-180.jpg,"
		",720,720,3,0,pothole,Unspecified,0,0,"
			"
175,dataset,/CSE-800/Thesis/2020-01-23/dataset/img-616.jpg,"
		",451,300,3,0,pothole,Unspecified,0,0,"
			"
176,dataset,/CSE-800/Thesis/2020-01-23/dataset/img-8.jpg,"
		",720,720,3,0,pothole,Unspecified,0,0,"
			"
177,dataset,/CSE-800/Thesis/2020-01-23/dataset/img-278.jpg,"
		",720,720,3,0,pothole,Unspecified,0,0,"
			"
178,dataset,/CSE-800/Thesis/2020-01-23/dataset/img-57.jpg,"
		",720,720,3,0,pothole,Unspecified,0,0,"
			"
179,dataset,/CSE-800/Thesis/2020-01-23/dataset/img-292.jpg,"
		",300,444,3,0,pothole,Unspecified,0,0,"
			"
180,dataset,/CSE-800/Thesis/2020-01-23/dataset/img-5.jpg,"
		",720,720,3,0,pothole,Unspecified,0,0,"
			"
181,dataset,/CSE-800/Thesis/2020-01-23/dataset/img-394.jpg,"
		",450,300,3,0,pothole,Unspecified,1,0,"
			"
182,dataset,/CSE-800/Thesis/2020-01-23/dataset/img-343.jpg,"
		",540,300,3,0,pothole,Unspecified,1,0,"
			"
183,dataset,/CSE-800/Thesis/2020-01-23/dataset/img-227.jpg,"
		",720,720,3,0,pothole,Unspecified,0,0,"
			"
184,dataset,/CSE-800/Thesis/2020-01-23/dataset/img-238.jpg,"
		",720,720,3,0,pothole,Unspecified,0,0,"
			"
185,dataset,/CSE-800/Thesis/2020-01-23/dataset/img-620.jpg,"
		",571,300,3,0,pothole,Unspecified,0,0,"
			"
186,dataset,/CSE-800/Thesis/2020-01-23/dataset/img-548.jpg,"
		",451,300,3,0,pothole,Unspecified,0,0,"
			"
187,dataset,/CSE-800/Thesis/2020-01-23/dataset/img-342.jpg,"
		",450,300,3,0,pothole,Unspecified,1,0,"
			"
188,dataset,/CSE-800/Thesis/2020-01-23/dataset/img-551.jpg,"
		",527,300,3,0,pothole,Unspecified,0,0,"
			"
189,dataset,/CSE-800/Thesis/2020-01-23/dataset/img-544.jpg,"
		",400,300,3,0,pothole,Unspecified,0,0,"
			"
190,dataset,/CSE-800/Thesis/2020-01-23/dataset/img-81.jpg,"
		",720,720,3,0,pothole,Unspecified,0,0,"
			"
191,dataset,/CSE-800/Thesis/2020-01-23/dataset/img-497.jpg,"
		",450,300,3,0,pothole,Unspecified,0,0,"
			"
192,dataset,/CSE-800/Thesis/2020-01-23/dataset/img-490.jpg,"
		",533,300,3,0,pothole,Unspecified,0,0,"
			"
193,dataset,/CSE-800/Thesis/2020-01-23/dataset/img-87.jpg,"
		",720,720,3,0,pothole,Unspecified,0,0,"
			"
194,dataset,/CSE-800/Thesis/2020-01-23/dataset/img-659.jpg,"
		",533,300,3,0,pothole,Unspecified,0,0,"
			"
195,dataset,/CSE-800/Thesis/2020-01-23/dataset/img-468.jpg,"
		",401,300,3,0,pothole,Unspecified,0,0,"
			"
196,dataset,/CSE-800/Thesis/2020-01-23/dataset/img-240.jpg,"
		",720,720,3,0,pothole,Unspecified,0,0,"
			"
197,dataset,/CSE-800/Thesis/2020-01-23/dataset/img-570.jpg,"
		",533,300,3,0,pothole,Unspecified,0,0,"
			"
198,dataset,/CSE-800/Thesis/2020-01-23/dataset/img-35.jpg,"
		",720,720,3,0,pothole,Unspecified,0,0,"
			"
199,dataset,/CSE-800/Thesis/2020-01-23/dataset/img-660.jpg,"
		",450,300,3,0,pothole,Unspecified,0,0,"
			"
200,dataset,/CSE-800/Thesis/2020-01-23/dataset/img-393.jpg,"
		",450,300,3,0,pothole,Unspecified,0,0,"
			"
201,dataset,/CSE-800/Thesis/2020-01-23/dataset/img-98.jpg,"
		",720,720,3,0,pothole,Unspecified,0,0,"
			"
202,dataset,/CSE-800/Thesis/2020-01-23/dataset/img-307.jpg,"
		",571,300,3,0,pothole,Unspecified,0,0,"
			"
203,dataset,/CSE-800/Thesis/2020-01-23/dataset/img-214.jpg,"
		",720,720,3,0,pothole,Unspecified,0,0,"
			"
204,dataset,/CSE-800/Thesis/2020-01-23/dataset/img-418.jpg,"
		",450,300,3,0,pothole,Unspecified,0,0,"
			"
205,dataset,/CSE-800/Thesis/2020-01-23/dataset/img-550.jpg,"
		",400,300,3,0,pothole,Unspecified,0,0,"
			"
206,dataset,/CSE-800/Thesis/2020-01-23/dataset/img-285.jpg,"
		",720,720,3,0,pothole,Unspecified,0,0,"
			"
207,dataset,/CSE-800/Thesis/2020-01-23/dataset/img-582.jpg,"
		",481,300,3,0,pothole,Unspecified,0,0,"
			"
208,dataset,/CSE-800/Thesis/2020-01-23/dataset/img-432.jpg,"
		",482,300,3,0,pothole,Unspecified,0,0,"
			"
209,dataset,/CSE-800/Thesis/2020-01-23/dataset/img-500.jpg,"
		",300,451,3,0,pothole,Unspecified,1,0,"
			"
210,dataset,/CSE-800/Thesis/2020-01-23/dataset/img-354.jpg,"
		",400,300,3,0,pothole,Unspecified,0,0,"
			"
211,dataset,/CSE-800/Thesis/2020-01-23/dataset/img-145.jpg,"
		",720,720,3,0,pothole,Unspecified,0,0,"
			"
212,dataset,/CSE-800/Thesis/2020-01-23/dataset/img-575.jpg,"
		",409,300,3,0,pothole,Unspecified,0,0,"
			"
213,dataset,/CSE-800/Thesis/2020-01-23/dataset/img-132.jpg,"
		",720,720,3,0,pothole,Unspecified,0,0,"
			"
214,dataset,/CSE-800/Thesis/2020-01-23/dataset/img-170.jpg,"
		",720,720,3,0,pothole,Unspecified,0,0,"
			"
215,dataset,/CSE-800/Thesis/2020-01-23/dataset/img-248.jpg,"
		",720,720,3,0,pothole,Unspecified,0,0,"
			"
216,dataset,/CSE-800/Thesis/2020-01-23/dataset/img-627.jpg,"
		",600,300,3,0,pothole,Unspecified,0,0,"
			"
217,dataset,/CSE-800/Thesis/2020-01-23/dataset/img-186.jpg,"
		",720,720,3,0,pothole,Unspecified,0,0,"
			"
218,dataset,/CSE-800/Thesis/2020-01-23/dataset/img-164.jpg,"
		",720,720,3,0,pothole,Unspecified,0,0,"
			"
219,dataset,/CSE-800/Thesis/2020-01-23/dataset/img-398.jpg,"
		",684,300,3,0,pothole,Unspecified,1,0,"
			"
220,dataset,/CSE-800/Thesis/2020-01-23/dataset/img-118.jpg,"
		",720,720,3,0,pothole,Unspecified,0,0,"
			"
221,dataset,/CSE-800/Thesis/2020-01-23/dataset/img-261.jpg,"
		",720,720,3,0,pothole,Unspecified,0,0,"
			"
222,dataset,/CSE-800/Thesis/2020-01-23/dataset/img-352.jpg,"
		",400,300,3,0,pothole,Unspecified,0,0,"
			"
223,dataset,/CSE-800/Thesis/2020-01-23/dataset/img-67.jpg,"
		",720,720,3,0,pothole,Unspecified,0,0,"
			"
224,dataset,/CSE-800/Thesis/2020-01-23/dataset/img-351.jpg,"
		",533,300,3,0,pothole,Unspecified,1,0,"
			"
225,dataset,/CSE-800/Thesis/2020-01-23/dataset/img-140.jpg,"
		",720,720,3,0,pothole,Unspecified,0,0,"
			"
226,dataset,/CSE-800/Thesis/2020-01-23/dataset/img-615.jpg,"
		",486,300,3,0,pothole,Unspecified,0,0,"
			"
227,dataset,/CSE-800/Thesis/2020-01-23/dataset/img-173.jpg,"
		",720,720,3,0,pothole,Unspecified,0,0,"
			"
228,dataset,/CSE-800/Thesis/2020-01-23/dataset/img-376.jpg,"
		",530,300,3,0,pothole,Unspecified,0,0,"
			"
229,dataset,/CSE-800/Thesis/2020-01-23/dataset/img-245.jpg,"
		",720,720,3,0,pothole,Unspecified,0,0,"
			"
230,dataset,/CSE-800/Thesis/2020-01-23/dataset/img-624.jpg,"
		",427,300,3,0,pothole,Unspecified,0,0,"
			"
231,dataset,/CSE-800/Thesis/2020-01-23/dataset/img-302.jpg,"
		",400,300,3,0,pothole,Unspecified,0,0,"
			"
232,dataset,/CSE-800/Thesis/2020-01-23/dataset/img-588.jpg,"
		",491,300,3,0,pothole,Unspecified,0,0,"
			"
233,dataset,/CSE-800/Thesis/2020-01-23/dataset/img-79.jpg,"
		",720,720,3,0,pothole,Unspecified,0,0,"
			"
234,dataset,/CSE-800/Thesis/2020-01-23/dataset/img-256.jpg,"
		",720,720,3,0,pothole,Unspecified,0,0,"
			"
235,dataset,/CSE-800/Thesis/2020-01-23/dataset/img-435.jpg,"
		",601,300,3,0,pothole,Unspecified,0,0,"
			"
236,dataset,/CSE-800/Thesis/2020-01-23/dataset/img-291.jpg,"
		",536,300,3,0,pothole,Unspecified,1,0,"
			"
237,dataset,/CSE-800/Thesis/2020-01-23/dataset/img-513.jpg,"
		",400,300,3,0,pothole,Unspecified,0,0,"
			"
238,dataset,/CSE-800/Thesis/2020-01-23/dataset/img-643.jpg,"
		",400,300,3,0,pothole,Unspecified,0,0,"
			"
239,dataset,/CSE-800/Thesis/2020-01-23/dataset/img-457.jpg,"
		",400,300,3,0,pothole,Unspecified,0,0,"
			"
240,dataset,/CSE-800/Thesis/2020-01-23/dataset/img-246.jpg,"
		",720,720,3,0,pothole,Unspecified,0,0,"
			"
241,dataset,/CSE-800/Thesis/2020-01-23/dataset/img-395.jpg,"
		",451,300,3,0,pothole,Unspecified,0,0,"
			"
242,dataset,/CSE-800/Thesis/2020-01-23/dataset/img-82.jpg,"
		",720,720,3,0,pothole,Unspecified,0,0,"
			"
243,dataset,/CSE-800/Thesis/2020-01-23/dataset/img-385.jpg,"
		",457,300,3,0,pothole,Unspecified,0,0,"
			"
244,dataset,/CSE-800/Thesis/2020-01-23/dataset/img-110.jpg,"
		",720,720,3,0,pothole,Unspecified,0,0,"
			"
245,dataset,/CSE-800/Thesis/2020-01-23/dataset/img-369.jpg,"
		",533,300,3,0,pothole,Unspecified,1,0,"
			"
246,dataset,/CSE-800/Thesis/2020-01-23/dataset/img-70.jpg,"
		",720,720,3,0,pothole,Unspecified,0,0,"
			"
247,dataset,/CSE-800/Thesis/2020-01-23/dataset/img-576.jpg,"
		",400,300,3,0,pothole,Unspecified,0,0,"
			"
248,dataset,/CSE-800/Thesis/2020-01-23/dataset/img-104.jpg,"
		",720,720,3,0,pothole,Unspecified,0,0,"
			"
249,dataset,/CSE-800/Thesis/2020-01-23/dataset/img-547.jpg,"
		",300,400,3,0,pothole,Unspecified,0,0,"
			"
250,dataset,/CSE-800/Thesis/2020-01-23/dataset/img-554.jpg,"
		",532,300,3,0,pothole,Unspecified,0,0,"
			"
251,dataset,/CSE-800/Thesis/2020-01-23/dataset/img-424.jpg,"
		",533,300,3,0,pothole,Unspecified,0,0,"
			"
252,dataset,/CSE-800/Thesis/2020-01-23/dataset/img-466.jpg,"
		",382,300,3,0,pothole,Unspecified,0,0,"
			"
253,dataset,/CSE-800/Thesis/2020-01-23/dataset/img-218.jpg,"
		",720,720,3,0,pothole,Unspecified,0,0,"
			"
254,dataset,/CSE-800/Thesis/2020-01-23/dataset/img-272.jpg,"
		",720,720,3,0,pothole,Unspecified,0,0,"
			"
255,dataset,/CSE-800/Thesis/2020-01-23/dataset/img-96.jpg,"
		",720,720,3,0,pothole,Unspecified,0,0,"
			"
256,dataset,/CSE-800/Thesis/2020-01-23/dataset/img-117.jpg,"
		",720,720,3,0,pothole,Unspecified,0,0,"
			"
257,dataset,/CSE-800/Thesis/2020-01-23/dataset/img-73.jpg,"
		",720,720,3,0,pothole,Unspecified,0,0,"
			"
258,dataset,/CSE-800/Thesis/2020-01-23/dataset/img-465.jpg,"
		",510,300,3,0,pothole,Unspecified,0,0,"
			"
259,dataset,/CSE-800/Thesis/2020-01-23/dataset/img-463.jpg,"
		",370,300,3,0,pothole,Unspecified,0,0,"
			"
260,dataset,/CSE-800/Thesis/2020-01-23/dataset/img-328.jpg,"
		",418,300,3,0,pothole,Unspecified,0,0,"
			"
261,dataset,/CSE-800/Thesis/2020-01-23/dataset/img-283.jpg,"
		",720,720,3,0,pothole,Unspecified,0,0,"
			"
262,dataset,/CSE-800/Thesis/2020-01-23/dataset/img-515.jpg,"
		",449,300,3,0,pothole,Unspecified,0,0,"
			"
263,dataset,/CSE-800/Thesis/2020-01-23/dataset/img-80.jpg,"
		",720,720,3,0,pothole,Unspecified,0,0,"
			"
264,dataset,/CSE-800/Thesis/2020-01-23/dataset/img-481.jpg,"
		",533,300,3,0,pothole,Unspecified,0,0,"
			"
265,dataset,/CSE-800/Thesis/2020-01-23/dataset/img-538.jpg,"
		",450,300,3,0,pothole,Unspecified,0,0,"
			"
266,dataset,/CSE-800/Thesis/2020-01-23/dataset/img-279.jpg,"
		",720,720,3,0,pothole,Unspecified,0,0,"
			"
267,dataset,/CSE-800/Thesis/2020-01-23/dataset/img-585.jpg,"
		",450,300,3,0,pothole,Unspecified,0,0,"
			"
268,dataset,/CSE-800/Thesis/2020-01-23/dataset/img-433.jpg,"
		",400,300,3,0,pothole,Unspecified,0,0,"
			"
269,dataset,/CSE-800/Thesis/2020-01-23/dataset/img-93.jpg,"
		",720,720,3,0,pothole,Unspecified,0,0,"
			"
270,dataset,/CSE-800/Thesis/2020-01-23/dataset/img-470.jpg,"
		",459,300,3,0,pothole,Unspecified,0,0,"
			"
271,dataset,/CSE-800/Thesis/2020-01-23/dataset/img-357.jpg,"
		",453,300,3,0,pothole,Unspecified,0,0,"
			"
272,dataset,/CSE-800/Thesis/2020-01-23/dataset/img-128.jpg,"
		",720,720,3,0,pothole,Unspecified,0,0,"
			"
273,dataset,/CSE-800/Thesis/2020-01-23/dataset/img-103.jpg,"
		",720,720,3,0,pothole,Unspecified,0,0,"
			"
274,dataset,/CSE-800/Thesis/2020-01-23/dataset/img-253.jpg,"
		",720,720,3,0,pothole,Unspecified,0,0,"
			"
275,dataset,/CSE-800/Thesis/2020-01-23/dataset/img-483.jpg,"
		",400,300,3,0,pothole,Unspecified,0,0,"
			"
276,dataset,/CSE-800/Thesis/2020-01-23/dataset/img-591.jpg,"
		",540,300,3,0,pothole,Unspecified,0,0,"
			"
277,dataset,/CSE-800/Thesis/2020-01-23/dataset/img-89.jpg,"
		",720,720,3,0,pothole,Unspecified,0,0,"
			"
278,dataset,/CSE-800/Thesis/2020-01-23/dataset/img-571.jpg,"
		",533,300,3,0,pothole,Unspecified,0,0,"
			"
279,dataset,/CSE-800/Thesis/2020-01-23/dataset/img-139.jpg,"
		",720,720,3,0,pothole,Unspecified,0,0,"
			"
280,dataset,/CSE-800/Thesis/2020-01-23/dataset/img-141.jpg,"
		",720,720,3,0,pothole,Unspecified,0,0,"
			"
281,dataset,/CSE-800/Thesis/2020-01-23/dataset/img-165.jpg,"
		",720,720,3,0,pothole,Unspecified,0,0,"
			"
282,dataset,/CSE-800/Thesis/2020-01-23/dataset/img-258.jpg,"
		",720,720,3,0,pothole,Unspecified,0,0,"
			"
283,dataset,/CSE-800/Thesis/2020-01-23/dataset/img-207.jpg,"
		",720,720,3,0,pothole,Unspecified,0,0,"
			"
284,dataset,/CSE-800/Thesis/2020-01-23/dataset/img-61.jpg,"
		",720,720,3,0,pothole,Unspecified,0,0,"
			"
285,dataset,/CSE-800/Thesis/2020-01-23/dataset/img-506.jpg,"
		",520,300,3,0,pothole,Unspecified,0,0,"
			"
286,dataset,/CSE-800/Thesis/2020-01-23/dataset/img-479.jpg,"
		",720,280,3,0,pothole,Unspecified,0,0,"
			"
287,dataset,/CSE-800/Thesis/2020-01-23/dataset/img-601.jpg,"
		",450,300,3,0,pothole,Unspecified,0,0,"
			"
288,dataset,/CSE-800/Thesis/2020-01-23/dataset/img-486.jpg,"
		",400,300,3,0,pothole,Unspecified,0,0,"
			"
289,dataset,/CSE-800/Thesis/2020-01-23/dataset/img-474.jpg,"
		",401,300,3,0,pothole,Unspecified,0,0,"
			"
290,dataset,/CSE-800/Thesis/2020-01-23/dataset/img-12.jpg,"
		",720,720,3,0,pothole,Unspecified,0,0,"
			"
291,dataset,/CSE-800/Thesis/2020-01-23/dataset/img-520.jpg,"
		",720,251,3,0,pothole,Unspecified,0,0,"
			"
292,dataset,/CSE-800/Thesis/2020-01-23/dataset/img-464.jpg,"
		",690,300,3,0,pothole,Unspecified,0,0,"
			"
293,dataset,/CSE-800/Thesis/2020-01-23/dataset/img-655.jpg,"
		",534,300,3,0,pothole,Unspecified,1,0,"
			"
294,dataset,/CSE-800/Thesis/2020-01-23/dataset/img-135.jpg,"
		",720,720,3,0,pothole,Unspecified,0,0,"
			"
295,dataset,/CSE-800/Thesis/2020-01-23/dataset/img-160.jpg,"
		",720,720,3,0,pothole,Unspecified,0,0,"
			"
296,dataset,/CSE-800/Thesis/2020-01-23/dataset/img-662.jpg,"
		",452,300,3,0,pothole,Unspecified,0,0,"
			"
297,dataset,/CSE-800/Thesis/2020-01-23/dataset/img-2.jpg,"
		",720,720,3,0,pothole,Unspecified,0,0,"
			"
298,dataset,/CSE-800/Thesis/2020-01-23/dataset/img-448.jpg,"
		",435,300,3,0,pothole,Unspecified,0,0,"
			"
299,dataset,/CSE-800/Thesis/2020-01-23/dataset/img-422.jpg,"
		",450,300,3,0,pothole,Unspecified,0,0,"
			"
300,dataset,/CSE-800/Thesis/2020-01-23/dataset/img-527.jpg,"
		",450,300,3,0,pothole,Unspecified,0,0,"
			"
301,dataset,/CSE-800/Thesis/2020-01-23/dataset/img-220.jpg,"
		",720,720,3,0,pothole,Unspecified,0,0,"
			"
302,dataset,/CSE-800/Thesis/2020-01-23/dataset/img-381.jpg,"
		",300,400,3,0,pothole,Unspecified,0,0,"
			"
303,dataset,/CSE-800/Thesis/2020-01-23/dataset/img-137.jpg,"
		",720,720,3,0,pothole,Unspecified,0,0,"
			"
304,dataset,/CSE-800/Thesis/2020-01-23/dataset/img-364.jpg,"
		",451,300,3,0,pothole,Unspecified,1,0,"
			"
305,dataset,/CSE-800/Thesis/2020-01-23/dataset/img-396.jpg,"
		",533,300,3,0,pothole,Unspecified,1,0,"
			"
306,dataset,/CSE-800/Thesis/2020-01-23/dataset/img-635.jpg,"
		",300,300,3,0,pothole,Unspecified,1,0,"
			"
307,dataset,/CSE-800/Thesis/2020-01-23/dataset/img-158.jpg,"
		",720,720,3,0,pothole,Unspecified,0,0,"
			"
308,dataset,/CSE-800/Thesis/2020-01-23/dataset/img-113.jpg,"
		",720,720,3,0,pothole,Unspecified,0,0,"
			"
309,dataset,/CSE-800/Thesis/2020-01-23/dataset/img-167.jpg,"
		",720,720,3,0,pothole,Unspecified,0,0,"
			"
310,dataset,/CSE-800/Thesis/2020-01-23/dataset/img-397.jpg,"
		",533,300,3,0,pothole,Unspecified,0,0,"
			"
311,dataset,/CSE-800/Thesis/2020-01-23/dataset/img-404.jpg,"
		",467,300,3,0,pothole,Unspecified,0,0,"
			"
312,dataset,/CSE-800/Thesis/2020-01-23/dataset/img-595.jpg,"
		",300,300,3,0,pothole,Unspecified,0,0,"
			"
313,dataset,/CSE-800/Thesis/2020-01-23/dataset/img-607.jpg,"
		",485,300,3,0,pothole,Unspecified,0,0,"
			"
314,dataset,/CSE-800/Thesis/2020-01-23/dataset/img-587.jpg,"
		",503,300,3,0,pothole,Unspecified,0,0,"
			"
315,dataset,/CSE-800/Thesis/2020-01-23/dataset/img-365.jpg,"
		",571,300,3,0,pothole,Unspecified,0,0,"
			"
316,dataset,/CSE-800/Thesis/2020-01-23/dataset/img-444.jpg,"
		",458,300,3,0,pothole,Unspecified,0,0,"
			"
317,dataset,/CSE-800/Thesis/2020-01-23/dataset/img-580.jpg,"
		",535,300,3,0,pothole,Unspecified,0,0,"
			"
318,dataset,/CSE-800/Thesis/2020-01-23/dataset/img-95.jpg,"
		",720,720,3,0,pothole,Unspecified,0,0,"
			"
319,dataset,/CSE-800/Thesis/2020-01-23/dataset/img-183.jpg,"
		",720,720,3,0,pothole,Unspecified,0,0,"
			"
320,dataset,/CSE-800/Thesis/2020-01-23/dataset/img-533.jpg,"
		",451,300,3,0,pothole,Unspecified,0,0,"
			"
321,dataset,/CSE-800/Thesis/2020-01-23/dataset/img-387.jpg,"
		",401,300,3,0,pothole,Unspecified,0,0,"
			"
322,dataset,/CSE-800/Thesis/2020-01-23/dataset/img-116.jpg,"
		",720,720,3,0,pothole,Unspecified,0,0,"
			"
323,dataset,/CSE-800/Thesis/2020-01-23/dataset/img-521.jpg,"
		",450,300,3,0,pothole,Unspecified,0,0,"
			"
324,dataset,/CSE-800/Thesis/2020-01-23/dataset/img-628.jpg,"
		",447,300,3,0,pothole,Unspecified,0,0,"
			"
325,dataset,/CSE-800/Thesis/2020-01-23/dataset/img-156.jpg,"
		",720,720,3,0,pothole,Unspecified,0,0,"
			"
326,dataset,/CSE-800/Thesis/2020-01-23/dataset/img-163.jpg,"
		",720,720,3,0,pothole,Unspecified,0,0,"
			"
327,dataset,/CSE-800/Thesis/2020-01-23/dataset/img-473.jpg,"
		",400,300,3,0,pothole,Unspecified,0,0,"
			"
328,dataset,/CSE-800/Thesis/2020-01-23/dataset/img-456.jpg,"
		",533,300,3,0,pothole,Unspecified,0,0,"
			"
329,dataset,/CSE-800/Thesis/2020-01-23/dataset/img-281.jpg,"
		",720,720,3,0,pothole,Unspecified,0,0,"
			"
330,dataset,/CSE-800/Thesis/2020-01-23/dataset/img-629.jpg,"
		",400,300,3,0,pothole,Unspecified,0,0,"
			"
331,dataset,/CSE-800/Thesis/2020-01-23/dataset/img-649.jpg,"
		",532,300,3,0,pothole,Unspecified,0,0,"
			"
332,dataset,/CSE-800/Thesis/2020-01-23/dataset/img-358.jpg,"
		",400,300,3,0,pothole,Unspecified,0,0,"
			"
333,dataset,/CSE-800/Thesis/2020-01-23/dataset/img-193.jpg,"
		",720,720,3,0,pothole,Unspecified,0,0,"
			"
334,dataset,/CSE-800/Thesis/2020-01-23/dataset/img-323.jpg,"
		",426,300,3,0,pothole,Unspecified,0,0,"
			"
335,dataset,/CSE-800/Thesis/2020-01-23/dataset/img-525.jpg,"
		",400,300,3,0,pothole,Unspecified,0,0,"
			"
336,dataset,/CSE-800/Thesis/2020-01-23/dataset/img-263.jpg,"
		",720,720,3,0,pothole,Unspecified,0,0,"
			"
337,dataset,/CSE-800/Thesis/2020-01-23/dataset/img-658.jpg,"
		",300,400,3,0,pothole,Unspecified,0,0,"
			"
338,dataset,/CSE-800/Thesis/2020-01-23/dataset/img-621.jpg,"
		",303,300,3,0,pothole,Unspecified,0,0,"
			"
339,dataset,/CSE-800/Thesis/2020-01-23/dataset/img-37.jpg,"
		",720,720,3,0,pothole,Unspecified,0,0,"
			"
340,dataset,/CSE-800/Thesis/2020-01-23/dataset/img-383.jpg,"
		",425,300,3,0,pothole,Unspecified,0,0,"
			"
341,dataset,/CSE-800/Thesis/2020-01-23/dataset/img-184.jpg,"
		",720,720,3,0,pothole,Unspecified,0,0,"
			"
342,dataset,/CSE-800/Thesis/2020-01-23/dataset/img-244.jpg,"
		",720,720,3,0,pothole,Unspecified,0,0,"
			"
343,dataset,/CSE-800/Thesis/2020-01-23/dataset/img-322.jpg,"
		",453,300,3,0,pothole,Unspecified,0,0,"
			"
344,dataset,/CSE-800/Thesis/2020-01-23/dataset/img-84.jpg,"
		",720,720,3,0,pothole,Unspecified,0,0,"
			"
345,dataset,/CSE-800/Thesis/2020-01-23/dataset/img-429.jpg,"
		",533,300,3,0,pothole,Unspecified,0,0,"
			"
346,dataset,/CSE-800/Thesis/2020-01-23/dataset/img-651.jpg,"
		",400,300,3,0,pothole,Unspecified,0,0,"
			"
347,dataset,/CSE-800/Thesis/2020-01-23/dataset/img-537.jpg,"
		",400,300,3,0,pothole,Unspecified,1,0,"
			"
348,dataset,/CSE-800/Thesis/2020-01-23/dataset/img-155.jpg,"
		",720,720,3,0,pothole,Unspecified,0,0,"
			"
349,dataset,/CSE-800/Thesis/2020-01-23/dataset/img-154.jpg,"
		",720,720,3,0,pothole,Unspecified,0,0,"
			"
350,dataset,/CSE-800/Thesis/2020-01-23/dataset/img-334.jpg,"
		",536,300,3,0,pothole,Unspecified,0,0,"
			"
351,dataset,/CSE-800/Thesis/2020-01-23/dataset/img-265.jpg,"
		",720,720,3,0,pothole,Unspecified,0,0,"
			"
352,dataset,/CSE-800/Thesis/2020-01-23/dataset/img-76.jpg,"
		",720,720,3,0,pothole,Unspecified,0,0,"
			"
353,dataset,/CSE-800/Thesis/2020-01-23/dataset/img-153.jpg,"
		",720,720,3,0,pothole,Unspecified,0,0,"
			"
354,dataset,/CSE-800/Thesis/2020-01-23/dataset/img-112.jpg,"
		",720,720,3,0,pothole,Unspecified,0,0,"
			"
355,dataset,/CSE-800/Thesis/2020-01-23/dataset/img-657.jpg,"
		",400,300,3,0,pothole,Unspecified,0,0,"
			"
356,dataset,/CSE-800/Thesis/2020-01-23/dataset/img-181.jpg,"
		",720,720,3,0,pothole,Unspecified,0,0,"
			"
357,dataset,/CSE-800/Thesis/2020-01-23/dataset/img-233.jpg,"
		",720,720,3,0,pothole,Unspecified,0,0,"
			"
358,dataset,/CSE-800/Thesis/2020-01-23/dataset/img-412.jpg,"
		",450,300,3,0,pothole,Unspecified,0,0,"
			"
359,dataset,/CSE-800/Thesis/2020-01-23/dataset/img-478.jpg,"
		",427,300,3,0,pothole,Unspecified,0,0,"
			"
360,dataset,/CSE-800/Thesis/2020-01-23/dataset/img-133.jpg,"
		",720,720,3,0,pothole,Unspecified,0,0,"
			"
361,dataset,/CSE-800/Thesis/2020-01-23/dataset/img-476.jpg,"
		",450,300,3,0,pothole,Unspecified,0,0,"
			"
362,dataset,/CSE-800/Thesis/2020-01-23/dataset/img-639.jpg,"
		",534,300,3,0,pothole,Unspecified,0,0,"
			"
363,dataset,/CSE-800/Thesis/2020-01-23/dataset/img-312.jpg,"
		",533,300,3,0,pothole,Unspecified,0,0,"
			"
364,dataset,/CSE-800/Thesis/2020-01-23/dataset/img-362.jpg,"
		",480,300,3,0,pothole,Unspecified,0,0,"
			"
365,dataset,/CSE-800/Thesis/2020-01-23/dataset/img-4.jpg,"
		",720,720,3,0,pothole,Unspecified,0,0,"
			"
366,dataset,/CSE-800/Thesis/2020-01-23/dataset/img-348.jpg,"
		",362,300,3,0,pothole,Unspecified,1,0,"
			"
367,dataset,/CSE-800/Thesis/2020-01-23/dataset/img-211.jpg,"
		",720,720,3,0,pothole,Unspecified,0,0,"
			"
368,dataset,/CSE-800/Thesis/2020-01-23/dataset/img-514.jpg,"
		",300,397,3,0,pothole,Unspecified,0,0,"
			"
369,dataset,/CSE-800/Thesis/2020-01-23/dataset/img-608.jpg,"
		",300,357,3,0,pothole,Unspecified,1,0,"
			"
370,dataset,/CSE-800/Thesis/2020-01-23/dataset/img-197.jpg,"
		",720,720,3,0,pothole,Unspecified,0,0,"
			"
371,dataset,/CSE-800/Thesis/2020-01-23/dataset/img-485.jpg,"
		",534,300,3,0,pothole,Unspecified,1,0,"
			"
372,dataset,/CSE-800/Thesis/2020-01-23/dataset/img-597.jpg,"
		",450,300,3,0,pothole,Unspecified,0,0,"
			"
373,dataset,/CSE-800/Thesis/2020-01-23/dataset/img-549.jpg,"
		",400,300,3,0,pothole,Unspecified,0,0,"
			"
374,dataset,/CSE-800/Thesis/2020-01-23/dataset/img-241.jpg,"
		",720,720,3,0,pothole,Unspecified,0,0,"
			"
375,dataset,/CSE-800/Thesis/2020-01-23/dataset/img-408.jpg,"
		",450,300,3,0,pothole,Unspecified,0,0,"
			"
376,dataset,/CSE-800/Thesis/2020-01-23/dataset/img-11.jpg,"
		",720,720,3,0,pothole,Unspecified,0,0,"
			"
377,dataset,/CSE-800/Thesis/2020-01-23/dataset/img-578.jpg,"
		",449,300,3,0,pothole,Unspecified,0,0,"
			"
378,dataset,/CSE-800/Thesis/2020-01-23/dataset/img-212.jpg,"
		",720,720,3,0,pothole,Unspecified,0,0,"
			"
379,dataset,/CSE-800/Thesis/2020-01-23/dataset/img-593.jpg,"
		",521,300,3,0,pothole,Unspecified,0,0,"
			"
380,dataset,/CSE-800/Thesis/2020-01-23/dataset/img-324.jpg,"
		",450,300,3,0,pothole,Unspecified,0,0,"
			"
381,dataset,/CSE-800/Thesis/2020-01-23/dataset/img-306.jpg,"
		",533,300,3,0,pothole,Unspecified,0,0,"
			"
382,dataset,/CSE-800/Thesis/2020-01-23/dataset/img-271.jpg,"
		",720,720,3,0,pothole,Unspecified,0,0,"
			"
383,dataset,/CSE-800/Thesis/2020-01-23/dataset/img-54.jpg,"
		",720,720,3,0,pothole,Unspecified,0,0,"
			"
384,dataset,/CSE-800/Thesis/2020-01-23/dataset/img-27.jpg,"
		",720,720,3,0,pothole,Unspecified,0,0,"
			"
385,dataset,/CSE-800/Thesis/2020-01-23/dataset/img-373.jpg,"
		",450,300,3,0,pothole,Unspecified,0,0,"
			"
386,dataset,/CSE-800/Thesis/2020-01-23/dataset/img-126.jpg,"
		",720,720,3,0,pothole,Unspecified,0,0,"
			"
387,dataset,/CSE-800/Thesis/2020-01-23/dataset/img-573.jpg,"
		",544,300,3,0,pothole,Unspecified,0,0,"
			"
388,dataset,/CSE-800/Thesis/2020-01-23/dataset/img-226.jpg,"
		",720,720,3,0,pothole,Unspecified,0,0,"
			"
389,dataset,/CSE-800/Thesis/2020-01-23/dataset/img-330.jpg,"
		",300,400,3,0,pothole,Unspecified,0,0,"
			"
390,dataset,/CSE-800/Thesis/2020-01-23/dataset/img-260.jpg,"
		",720,720,3,0,pothole,Unspecified,0,0,"
			"
391,dataset,/CSE-800/Thesis/2020-01-23/dataset/img-472.jpg,"
		",506,300,3,0,pothole,Unspecified,0,0,"
			"
392,dataset,/CSE-800/Thesis/2020-01-23/dataset/img-553.jpg,"
		",455,300,3,0,pothole,Unspecified,0,0,"
			"
393,dataset,/CSE-800/Thesis/2020-01-23/dataset/img-346.jpg,"
		",345,300,3,0,pothole,Unspecified,1,0,"
			"
394,dataset,/CSE-800/Thesis/2020-01-23/dataset/img-42.jpg,"
		",720,720,3,0,pothole,Unspecified,0,0,"
			"
395,dataset,/CSE-800/Thesis/2020-01-23/dataset/img-611.jpg,"
		",437,300,3,0,pothole,Unspecified,0,0,"
			"
396,dataset,/CSE-800/Thesis/2020-01-23/dataset/img-286.jpg,"
		",400,300,3,0,pothole,Unspecified,0,0,"
			"
397,dataset,/CSE-800/Thesis/2020-01-23/dataset/img-438.jpg,"
		",400,300,3,0,pothole,Unspecified,0,0,"
			"
398,dataset,/CSE-800/Thesis/2020-01-23/dataset/img-83.jpg,"
		",720,720,3,0,pothole,Unspecified,0,0,"
			"
399,dataset,/CSE-800/Thesis/2020-01-23/dataset/img-539.jpg,"
		",450,300,3,0,pothole,Unspecified,1,0,"
			"
400,dataset,/CSE-800/Thesis/2020-01-23/dataset/img-251.jpg,"
		",720,720,3,0,pothole,Unspecified,0,0,"
			"
401,dataset,/CSE-800/Thesis/2020-01-23/dataset/img-43.jpg,"
		",720,720,3,0,pothole,Unspecified,0,0,"
			"
402,dataset,/CSE-800/Thesis/2020-01-23/dataset/img-641.jpg,"
		",464,300,3,0,pothole,Unspecified,0,0,"
			"
403,dataset,/CSE-800/Thesis/2020-01-23/dataset/img-78.jpg,"
		",720,720,3,0,pothole,Unspecified,0,0,"
			"
404,dataset,/CSE-800/Thesis/2020-01-23/dataset/img-632.jpg,"
		",450,300,3,0,pothole,Unspecified,0,0,"
			"
405,dataset,/CSE-800/Thesis/2020-01-23/dataset/img-416.jpg,"
		",461,300,3,0,pothole,Unspecified,0,0,"
			"
406,dataset,/CSE-800/Thesis/2020-01-23/dataset/img-447.jpg,"
		",534,300,3,0,pothole,Unspecified,0,0,"
			"
407,dataset,/CSE-800/Thesis/2020-01-23/dataset/img-121.jpg,"
		",720,720,3,0,pothole,Unspecified,0,0,"
			"
408,dataset,/CSE-800/Thesis/2020-01-23/dataset/img-1.jpg,"
		",720,720,3,0,pothole,Unspecified,0,0,"
			"
409,dataset,/CSE-800/Thesis/2020-01-23/dataset/img-333.jpg,"
		",451,300,3,0,pothole,Unspecified,1,0,"
			"
410,dataset,/CSE-800/Thesis/2020-01-23/dataset/img-592.jpg,"
		",336,300,3,0,pothole,Unspecified,0,0,"
			"
411,dataset,/CSE-800/Thesis/2020-01-23/dataset/img-311.jpg,"
		",450,300,3,0,pothole,Unspecified,1,0,"
			"
412,dataset,/CSE-800/Thesis/2020-01-23/dataset/img-125.jpg,"
		",720,720,3,0,pothole,Unspecified,0,0,"
			"
413,dataset,/CSE-800/Thesis/2020-01-23/dataset/img-630.jpg,"
		",450,300,3,0,pothole,Unspecified,0,0,"
			"
414,dataset,/CSE-800/Thesis/2020-01-23/dataset/img-614.jpg,"
		",474,300,3,0,pothole,Unspecified,0,0,"
			"
415,dataset,/CSE-800/Thesis/2020-01-23/dataset/img-462.jpg,"
		",425,300,3,0,pothole,Unspecified,0,0,"
			"
416,dataset,/CSE-800/Thesis/2020-01-23/dataset/img-467.jpg,"
		",716,300,3,0,pothole,Unspecified,0,0,"
			"
417,dataset,/CSE-800/Thesis/2020-01-23/dataset/img-190.jpg,"
		",720,720,3,0,pothole,Unspecified,0,0,"
			"
418,dataset,/CSE-800/Thesis/2020-01-23/dataset/img-380.jpg,"
		",450,300,3,0,pothole,Unspecified,0,0,"
			"
419,dataset,/CSE-800/Thesis/2020-01-23/dataset/img-557.jpg,"
		",400,300,3,0,pothole,Unspecified,0,0,"
			"
420,dataset,/CSE-800/Thesis/2020-01-23/dataset/img-589.jpg,"
		",450,300,3,0,pothole,Unspecified,0,0,"
			"
421,dataset,/CSE-800/Thesis/2020-01-23/dataset/img-195.jpg,"
		",720,720,3,0,pothole,Unspecified,0,0,"
			"
422,dataset,/CSE-800/Thesis/2020-01-23/dataset/img-502.jpg,"
		",450,300,3,0,pothole,Unspecified,0,0,"
			"
423,dataset,/CSE-800/Thesis/2020-01-23/dataset/img-202.jpg,"
		",720,720,3,0,pothole,Unspecified,0,0,"
			"
424,dataset,/CSE-800/Thesis/2020-01-23/dataset/img-147.jpg,"
		",720,720,3,0,pothole,Unspecified,0,0,"
			"
425,dataset,/CSE-800/Thesis/2020-01-23/dataset/img-189.jpg,"
		",720,720,3,0,pothole,Unspecified,0,0,"
			"
426,dataset,/CSE-800/Thesis/2020-01-23/dataset/img-19.jpg,"
		",720,720,3,0,pothole,Unspecified,0,0,"
			"
427,dataset,/CSE-800/Thesis/2020-01-23/dataset/img-558.jpg,"
		",400,300,3,0,pothole,Unspecified,0,0,"
			"
428,dataset,/CSE-800/Thesis/2020-01-23/dataset/img-531.jpg,"
		",400,300,3,0,pothole,Unspecified,0,0,"
			"
429,dataset,/CSE-800/Thesis/2020-01-23/dataset/img-120.jpg,"
		",720,720,3,0,pothole,Unspecified,0,0,"
			"
430,dataset,/CSE-800/Thesis/2020-01-23/dataset/img-266.jpg,"
		",720,720,3,0,pothole,Unspecified,0,0,"
			"
431,dataset,/CSE-800/Thesis/2020-01-23/dataset/img-255.jpg,"
		",720,720,3,0,pothole,Unspecified,0,0,"
			"
432,dataset,/CSE-800/Thesis/2020-01-23/dataset/img-172.jpg,"
		",720,720,3,0,pothole,Unspecified,0,0,"
			"
433,dataset,/CSE-800/Thesis/2020-01-23/dataset/img-205.jpg,"
		",720,720,3,0,pothole,Unspecified,0,0,"
			"
434,dataset,/CSE-800/Thesis/2020-01-23/dataset/img-359.jpg,"
		",450,300,3,0,pothole,Unspecified,0,0,"
			"
435,dataset,/CSE-800/Thesis/2020-01-23/dataset/img-308.jpg,"
		",400,300,3,0,pothole,Unspecified,0,0,"
			"
436,dataset,/CSE-800/Thesis/2020-01-23/dataset/img-55.jpg,"
		",720,720,3,0,pothole,Unspecified,0,0,"
			"
437,dataset,/CSE-800/Thesis/2020-01-23/dataset/img-540.jpg,"
		",450,300,3,0,pothole,Unspecified,0,0,"
			"
438,dataset,/CSE-800/Thesis/2020-01-23/dataset/img-562.jpg,"
		",400,300,3,0,pothole,Unspecified,0,0,"
			"
439,dataset,/CSE-800/Thesis/2020-01-23/dataset/img-22.jpg,"
		",720,720,3,0,pothole,Unspecified,0,0,"
			"
440,dataset,/CSE-800/Thesis/2020-01-23/dataset/img-56.jpg,"
		",720,720,3,0,pothole,Unspecified,0,0,"
			"
441,dataset,/CSE-800/Thesis/2020-01-23/dataset/img-31.jpg,"
		",720,720,3,0,pothole,Unspecified,0,0,"
			"
442,dataset,/CSE-800/Thesis/2020-01-23/dataset/img-171.jpg,"
		",720,720,3,0,pothole,Unspecified,0,0,"
			"
443,dataset,/CSE-800/Thesis/2020-01-23/dataset/img-229.jpg,"
		",720,720,3,0,pothole,Unspecified,0,0,"
			"
444,dataset,/CSE-800/Thesis/2020-01-23/dataset/img-610.jpg,"
		",300,400,3,0,pothole,Unspecified,0,0,"
			"
445,dataset,/CSE-800/Thesis/2020-01-23/dataset/img-440.jpg,"
		",533,300,3,0,pothole,Unspecified,1,0,"
			"
446,dataset,/CSE-800/Thesis/2020-01-23/dataset/img-646.jpg,"
		",534,300,3,0,pothole,Unspecified,0,0,"
			"
447,dataset,/CSE-800/Thesis/2020-01-23/dataset/img-213.jpg,"
		",720,720,3,0,pothole,Unspecified,0,0,"
			"
448,dataset,/CSE-800/Thesis/2020-01-23/dataset/img-252.jpg,"
		",720,720,3,0,pothole,Unspecified,0,0,"
			"
449,dataset,/CSE-800/Thesis/2020-01-23/dataset/img-198.jpg,"
		",720,720,3,0,pothole,Unspecified,0,0,"
			"
450,dataset,/CSE-800/Thesis/2020-01-23/dataset/img-487.jpg,"
		",533,300,3,0,pothole,Unspecified,0,0,"
			"
451,dataset,/CSE-800/Thesis/2020-01-23/dataset/img-626.jpg,"
		",450,300,3,0,pothole,Unspecified,0,0,"
			"
452,dataset,/CSE-800/Thesis/2020-01-23/dataset/img-425.jpg,"
		",400,300,3,0,pothole,Unspecified,0,0,"
			"
453,dataset,/CSE-800/Thesis/2020-01-23/dataset/img-262.jpg,"
		",720,720,3,0,pothole,Unspecified,0,0,"
			"
454,dataset,/CSE-800/Thesis/2020-01-23/dataset/img-9.jpg,"
		",720,720,3,0,pothole,Unspecified,0,0,"
			"
455,dataset,/CSE-800/Thesis/2020-01-23/dataset/img-411.jpg,"
		",442,300,3,0,pothole,Unspecified,0,0,"
			"
456,dataset,/CSE-800/Thesis/2020-01-23/dataset/img-613.jpg,"
		",506,300,3,0,pothole,Unspecified,0,0,"
			"
457,dataset,/CSE-800/Thesis/2020-01-23/dataset/img-637.jpg,"
		",464,300,3,0,pothole,Unspecified,0,0,"
			"
458,dataset,/CSE-800/Thesis/2020-01-23/dataset/img-65.jpg,"
		",720,720,3,0,pothole,Unspecified,0,0,"
			"
459,dataset,/CSE-800/Thesis/2020-01-23/dataset/img-336.jpg,"
		",300,403,3,0,pothole,Unspecified,0,0,"
			"
460,dataset,/CSE-800/Thesis/2020-01-23/dataset/img-174.jpg,"
		",720,720,3,0,pothole,Unspecified,0,0,"
			"
461,dataset,/CSE-800/Thesis/2020-01-23/dataset/img-469.jpg,"
		",450,300,3,0,pothole,Unspecified,1,0,"
			"
462,dataset,/CSE-800/Thesis/2020-01-23/dataset/img-442.jpg,"
		",450,300,3,0,pothole,Unspecified,0,0,"
			"
463,dataset,/CSE-800/Thesis/2020-01-23/dataset/img-335.jpg,"
		",400,300,3,0,pothole,Unspecified,0,0,"
			"
464,dataset,/CSE-800/Thesis/2020-01-23/dataset/img-458.jpg,"
		",481,300,3,0,pothole,Unspecified,0,0,"
			"
465,dataset,/CSE-800/Thesis/2020-01-23/dataset/img-29.jpg,"
		",720,720,3,0,pothole,Unspecified,0,0,"
			"
466,dataset,/CSE-800/Thesis/2020-01-23/dataset/img-642.jpg,"
		",300,400,3,0,pothole,Unspecified,0,0,"
			"
467,dataset,/CSE-800/Thesis/2020-01-23/dataset/img-275.jpg,"
		",720,720,3,0,pothole,Unspecified,0,0,"
			"
468,dataset,/CSE-800/Thesis/2020-01-23/dataset/img-645.jpg,"
		",451,300,3,0,pothole,Unspecified,0,0,"
			"
469,dataset,/CSE-800/Thesis/2020-01-23/dataset/img-257.jpg,"
		",720,720,3,0,pothole,Unspecified,0,0,"
			"
470,dataset,/CSE-800/Thesis/2020-01-23/dataset/img-534.jpg,"
		",400,300,3,0,pothole,Unspecified,0,0,"
			"
471,dataset,/CSE-800/Thesis/2020-01-23/dataset/img-105.jpg,"
		",720,720,3,0,pothole,Unspecified,0,0,"
			"
472,dataset,/CSE-800/Thesis/2020-01-23/dataset/img-492.jpg,"
		",300,400,3,0,pothole,Unspecified,0,0,"
			"
473,dataset,/CSE-800/Thesis/2020-01-23/dataset/img-568.jpg,"
		",400,300,3,0,pothole,Unspecified,0,0,"
			"
474,dataset,/CSE-800/Thesis/2020-01-23/dataset/img-546.jpg,"
		",464,300,3,0,pothole,Unspecified,0,0,"
			"
475,dataset,/CSE-800/Thesis/2020-01-23/dataset/img-318.jpg,"
		",489,300,3,0,pothole,Unspecified,0,0,"
			"
476,dataset,/CSE-800/Thesis/2020-01-23/dataset/img-604.jpg,"
		",445,300,3,0,pothole,Unspecified,0,0,"
			"
477,dataset,/CSE-800/Thesis/2020-01-23/dataset/img-471.jpg,"
		",400,300,3,0,pothole,Unspecified,0,0,"
			"
478,dataset,/CSE-800/Thesis/2020-01-23/dataset/img-523.jpg,"
		",400,300,3,0,pothole,Unspecified,0,0,"
			"
479,dataset,/CSE-800/Thesis/2020-01-23/dataset/img-230.jpg,"
		",720,720,3,0,pothole,Unspecified,0,0,"
			"
480,dataset,/CSE-800/Thesis/2020-01-23/dataset/img-254.jpg,"
		",720,720,3,0,pothole,Unspecified,0,0,"
			"
481,dataset,/CSE-800/Thesis/2020-01-23/dataset/img-30.jpg,"
		",720,720,3,0,pothole,Unspecified,0,0,"
			"
482,dataset,/CSE-800/Thesis/2020-01-23/dataset/img-665.jpg,"
		",452,300,3,0,pothole,Unspecified,0,0,"
			"
483,dataset,/CSE-800/Thesis/2020-01-23/dataset/img-3.jpg,"
		",720,720,3,0,pothole,Unspecified,0,0,"
			"
484,dataset,/CSE-800/Thesis/2020-01-23/dataset/img-191.jpg,"
		",720,720,3,0,pothole,Unspecified,0,0,"
			"
485,dataset,/CSE-800/Thesis/2020-01-23/dataset/img-178.jpg,"
		",720,720,3,0,pothole,Unspecified,0,0,"
			"
486,dataset,/CSE-800/Thesis/2020-01-23/dataset/img-97.jpg,"
		",720,720,3,0,pothole,Unspecified,0,0,"
			"
487,dataset,/CSE-800/Thesis/2020-01-23/dataset/img-428.jpg,"
		",300,356,3,0,pothole,Unspecified,0,0,"
			"
488,dataset,/CSE-800/Thesis/2020-01-23/dataset/img-652.jpg,"
		",450,300,3,0,pothole,Unspecified,0,0,"
			"
489,dataset,/CSE-800/Thesis/2020-01-23/dataset/img-51.jpg,"
		",720,720,3,0,pothole,Unspecified,0,0,"
			"
490,dataset,/CSE-800/Thesis/2020-01-23/dataset/img-648.jpg,"
		",720,266,3,0,pothole,Unspecified,0,0,"
			"
491,dataset,/CSE-800/Thesis/2020-01-23/dataset/img-68.jpg,"
		",720,720,3,0,pothole,Unspecified,0,0,"
			"
492,dataset,/CSE-800/Thesis/2020-01-23/dataset/img-289.jpg,"
		",300,442,3,0,pothole,Unspecified,0,0,"
			"
493,dataset,/CSE-800/Thesis/2020-01-23/dataset/img-33.jpg,"
		",720,720,3,0,pothole,Unspecified,0,0,"
			"
494,dataset,/CSE-800/Thesis/2020-01-23/dataset/img-623.jpg,"
		",534,300,3,0,pothole,Unspecified,0,0,"
			"
495,dataset,/CSE-800/Thesis/2020-01-23/dataset/img-413.jpg,"
		",533,300,3,0,pothole,Unspecified,0,0,"
			"
496,dataset,/CSE-800/Thesis/2020-01-23/dataset/img-151.jpg,"
		",720,720,3,0,pothole,Unspecified,0,0,"
			"
497,dataset,/CSE-800/Thesis/2020-01-23/dataset/img-337.jpg,"
		",482,300,3,0,pothole,Unspecified,0,0,"
			"
498,dataset,/CSE-800/Thesis/2020-01-23/dataset/img-638.jpg,"
		",533,300,3,0,pothole,Unspecified,0,0,"
			"
499,dataset,/CSE-800/Thesis/2020-01-23/dataset/img-370.jpg,"
		",695,300,3,0,pothole,Unspecified,0,0,"
			"
500,dataset,/CSE-800/Thesis/2020-01-23/dataset/img-136.jpg,"
		",720,720,3,0,pothole,Unspecified,0,0,"
			"
501,dataset,/CSE-800/Thesis/2020-01-23/dataset/img-437.jpg,"
		",533,300,3,0,pothole,Unspecified,1,0,"
			"
502,dataset,/CSE-800/Thesis/2020-01-23/dataset/img-379.jpg,"
		",425,300,3,0,pothole,Unspecified,0,0,"
			"
503,dataset,/CSE-800/Thesis/2020-01-23/dataset/img-574.jpg,"
		",498,300,3,0,pothole,Unspecified,0,0,"
			"
504,dataset,/CSE-800/Thesis/2020-01-23/dataset/img-371.jpg,"
		",600,300,3,0,pothole,Unspecified,0,0,"
			"
505,dataset,/CSE-800/Thesis/2020-01-23/dataset/img-52.jpg,"
		",720,720,3,0,pothole,Unspecified,0,0,"
			"
506,dataset,/CSE-800/Thesis/2020-01-23/dataset/img-617.jpg,"
		",450,300,3,0,pothole,Unspecified,0,0,"
			"
507,dataset,/CSE-800/Thesis/2020-01-23/dataset/img-159.jpg,"
		",720,720,3,0,pothole,Unspecified,0,0,"
			"
508,dataset,/CSE-800/Thesis/2020-01-23/dataset/img-350.jpg,"
		",452,300,3,0,pothole,Unspecified,0,0,"
			"
509,dataset,/CSE-800/Thesis/2020-01-23/dataset/img-221.jpg,"
		",720,720,3,0,pothole,Unspecified,0,0,"
			"
510,dataset,/CSE-800/Thesis/2020-01-23/dataset/img-314.jpg,"
		",450,300,3,0,pothole,Unspecified,0,0,"
			"
511,dataset,/CSE-800/Thesis/2020-01-23/dataset/img-46.jpg,"
		",720,720,3,0,pothole,Unspecified,0,0,"
			"
512,dataset,/CSE-800/Thesis/2020-01-23/dataset/img-572.jpg,"
		",533,300,3,0,pothole,Unspecified,0,0,"
			"
513,dataset,/CSE-800/Thesis/2020-01-23/dataset/img-599.jpg,"
		",533,300,3,0,pothole,Unspecified,0,0,"
			"
514,dataset,/CSE-800/Thesis/2020-01-23/dataset/img-427.jpg,"
		",300,300,3,0,pothole,Unspecified,0,0,"
			"
515,dataset,/CSE-800/Thesis/2020-01-23/dataset/img-511.jpg,"
		",451,300,3,0,pothole,Unspecified,0,0,"
			"
516,dataset,/CSE-800/Thesis/2020-01-23/dataset/img-489.jpg,"
		",300,300,3,0,pothole,Unspecified,1,0,"
			"
517,dataset,/CSE-800/Thesis/2020-01-23/dataset/img-410.jpg,"
		",400,300,3,0,pothole,Unspecified,0,0,"
			"
518,dataset,/CSE-800/Thesis/2020-01-23/dataset/img-612.jpg,"
		",400,300,3,0,pothole,Unspecified,0,0,"
			"
519,dataset,/CSE-800/Thesis/2020-01-23/dataset/img-377.jpg,"
		",534,300,3,0,pothole,Unspecified,0,0,"
			"
520,dataset,/CSE-800/Thesis/2020-01-23/dataset/img-606.jpg,"
		",600,300,3,0,pothole,Unspecified,1,0,"
			"
521,dataset,/CSE-800/Thesis/2020-01-23/dataset/img-449.jpg,"
		",557,300,3,0,pothole,Unspecified,0,0,"
			"
522,dataset,/CSE-800/Thesis/2020-01-23/dataset/img-236.jpg,"
		",720,720,3,0,pothole,Unspecified,0,0,"
			"
523,dataset,/CSE-800/Thesis/2020-01-23/dataset/img-654.jpg,"
		",450,300,3,0,pothole,Unspecified,0,0,"
			"
524,dataset,/CSE-800/Thesis/2020-01-23/dataset/img-300.jpg,"
		",300,300,3,0,pothole,Unspecified,0,0,"
			"
525,dataset,/CSE-800/Thesis/2020-01-23/dataset/img-111.jpg,"
		",720,720,3,0,pothole,Unspecified,0,0,"
			"
526,dataset,/CSE-800/Thesis/2020-01-23/dataset/img-53.jpg,"
		",720,720,3,0,pothole,Unspecified,0,0,"
			"
527,dataset,/CSE-800/Thesis/2020-01-23/dataset/img-530.jpg,"
		",509,300,3,0,pothole,Unspecified,1,0,"
			"
528,dataset,/CSE-800/Thesis/2020-01-23/dataset/img-631.jpg,"
		",452,300,3,0,pothole,Unspecified,1,0,"
			"
529,dataset,/CSE-800/Thesis/2020-01-23/dataset/img-504.jpg,"
		",460,300,1,0,pothole,Unspecified,0,0,"
			"
530,dataset,/CSE-800/Thesis/2020-01-23/dataset/img-102.jpg,"
		",720,720,3,0,pothole,Unspecified,0,0,"
			"
531,dataset,/CSE-800/Thesis/2020-01-23/dataset/img-477.jpg,"
		",400,300,3,0,pothole,Unspecified,0,0,"
			"
532,dataset,/CSE-800/Thesis/2020-01-23/dataset/img-414.jpg,"
		",439,300,3,0,pothole,Unspecified,0,0,"
			"
533,dataset,/CSE-800/Thesis/2020-01-23/dataset/img-406.jpg,"
		",454,300,3,0,pothole,Unspecified,1,0,"
			"
534,dataset,/CSE-800/Thesis/2020-01-23/dataset/img-280.jpg,"
		",720,720,3,0,pothole,Unspecified,0,0,"
			"
535,dataset,/CSE-800/Thesis/2020-01-23/dataset/img-518.jpg,"
		",533,300,3,0,pothole,Unspecified,0,0,"
			"
536,dataset,/CSE-800/Thesis/2020-01-23/dataset/img-450.jpg,"
		",400,300,3,0,pothole,Unspecified,0,0,"
			"
537,dataset,/CSE-800/Thesis/2020-01-23/dataset/img-445.jpg,"
		",401,300,3,0,pothole,Unspecified,0,0,"
			"
538,dataset,/CSE-800/Thesis/2020-01-23/dataset/img-298.jpg,"
		",449,300,3,0,pothole,Unspecified,0,0,"
			"
539,dataset,/CSE-800/Thesis/2020-01-23/dataset/img-543.jpg,"
		",360,300,3,0,pothole,Unspecified,0,0,"
			"
540,dataset,/CSE-800/Thesis/2020-01-23/dataset/img-329.jpg,"
		",667,300,3,0,pothole,Unspecified,0,0,"
			"
541,dataset,/CSE-800/Thesis/2020-01-23/dataset/img-210.jpg,"
		",720,720,3,0,pothole,Unspecified,0,0,"
			"
542,dataset,/CSE-800/Thesis/2020-01-23/dataset/img-25.jpg,"
		",720,720,3,0,pothole,Unspecified,0,0,"
			"
543,dataset,/CSE-800/Thesis/2020-01-23/dataset/img-325.jpg,"
		",533,300,3,0,pothole,Unspecified,0,0,"
			"
544,dataset,/CSE-800/Thesis/2020-01-23/dataset/img-507.jpg,"
		",373,300,3,0,pothole,Unspecified,0,0,"
			"
545,dataset,/CSE-800/Thesis/2020-01-23/dataset/img-108.jpg,"
		",720,720,3,0,pothole,Unspecified,0,0,"
			"
546,dataset,/CSE-800/Thesis/2020-01-23/dataset/img-375.jpg,"
		",450,300,3,0,pothole,Unspecified,0,0,"
			"
547,dataset,/CSE-800/Thesis/2020-01-23/dataset/img-144.jpg,"
		",720,720,3,0,pothole,Unspecified,0,0,"
			"
548,dataset,/CSE-800/Thesis/2020-01-23/dataset/img-119.jpg,"
		",720,720,3,0,pothole,Unspecified,0,0,"
			"
549,dataset,/CSE-800/Thesis/2020-01-23/dataset/img-583.jpg,"
		",533,300,3,0,pothole,Unspecified,0,0,"
			"
550,dataset,/CSE-800/Thesis/2020-01-23/dataset/img-130.jpg,"
		",720,720,3,0,pothole,Unspecified,0,0,"
			"
551,dataset,/CSE-800/Thesis/2020-01-23/dataset/img-50.jpg,"
		",720,720,3,0,pothole,Unspecified,0,0,"
			"
552,dataset,/CSE-800/Thesis/2020-01-23/dataset/img-310.jpg,"
		",451,300,3,0,pothole,Unspecified,0,0,"
			"
553,dataset,/CSE-800/Thesis/2020-01-23/dataset/img-192.jpg,"
		",720,720,3,0,pothole,Unspecified,0,0,"
			"
554,dataset,/CSE-800/Thesis/2020-01-23/dataset/img-237.jpg,"
		",720,720,3,0,pothole,Unspecified,0,0,"
			"
555,dataset,/CSE-800/Thesis/2020-01-23/dataset/img-619.jpg,"
		",472,300,3,0,pothole,Unspecified,0,0,"
			"
556,dataset,/CSE-800/Thesis/2020-01-23/dataset/img-129.jpg,"
		",720,720,3,0,pothole,Unspecified,0,0,"
			"
557,dataset,/CSE-800/Thesis/2020-01-23/dataset/img-482.jpg,"
		",571,300,3,0,pothole,Unspecified,0,0,"
			"
558,dataset,/CSE-800/Thesis/2020-01-23/dataset/img-391.jpg,"
		",400,300,3,0,pothole,Unspecified,0,0,"
			"
559,dataset,/CSE-800/Thesis/2020-01-23/dataset/img-461.jpg,"
		",463,300,3,0,pothole,Unspecified,0,0,"
			"
560,dataset,/CSE-800/Thesis/2020-01-23/dataset/img-123.jpg,"
		",720,720,3,0,pothole,Unspecified,0,0,"
			"
561,dataset,/CSE-800/Thesis/2020-01-23/dataset/img-431.jpg,"
		",533,300,3,0,pothole,Unspecified,0,0,"
			"
562,dataset,/CSE-800/Thesis/2020-01-23/dataset/img-596.jpg,"
		",450,300,3,0,pothole,Unspecified,1,0,"
			"
563,dataset,/CSE-800/Thesis/2020-01-23/dataset/img-169.jpg,"
		",720,720,3,0,pothole,Unspecified,0,0,"
			"
564,dataset,/CSE-800/Thesis/2020-01-23/dataset/img-443.jpg,"
		",533,300,3,0,pothole,Unspecified,0,0,"
			"
565,dataset,/CSE-800/Thesis/2020-01-23/dataset/img-124.jpg,"
		",720,720,3,0,pothole,Unspecified,0,0,"
			"
566,dataset,/CSE-800/Thesis/2020-01-23/dataset/img-326.jpg,"
		",442,300,3,0,pothole,Unspecified,0,0,"
			"
567,dataset,/CSE-800/Thesis/2020-01-23/dataset/img-382.jpg,"
		",451,300,3,0,pothole,Unspecified,0,0,"
			"
568,dataset,/CSE-800/Thesis/2020-01-23/dataset/img-150.jpg,"
		",720,720,3,0,pothole,Unspecified,0,0,"
			"
569,dataset,/CSE-800/Thesis/2020-01-23/dataset/img-368.jpg,"
		",533,300,3,0,pothole,Unspecified,0,0,"
			"
570,dataset,/CSE-800/Thesis/2020-01-23/dataset/img-600.jpg,"
		",450,300,3,0,pothole,Unspecified,0,0,"
			"
571,dataset,/CSE-800/Thesis/2020-01-23/dataset/img-426.jpg,"
		",600,300,3,0,pothole,Unspecified,1,0,"
			"
572,dataset,/CSE-800/Thesis/2020-01-23/dataset/img-552.jpg,"
		",400,300,3,0,pothole,Unspecified,0,0,"
			"
573,dataset,/CSE-800/Thesis/2020-01-23/dataset/img-166.jpg,"
		",720,720,3,0,pothole,Unspecified,0,0,"
			"
574,dataset,/CSE-800/Thesis/2020-01-23/dataset/img-86.jpg,"
		",720,720,3,0,pothole,Unspecified,0,0,"
			"
575,dataset,/CSE-800/Thesis/2020-01-23/dataset/img-524.jpg,"
		",533,300,3,0,pothole,Unspecified,0,0,"
			"
576,dataset,/CSE-800/Thesis/2020-01-23/dataset/img-586.jpg,"
		",400,300,3,0,pothole,Unspecified,1,0,"
			"
577,dataset,/CSE-800/Thesis/2020-01-23/dataset/img-331.jpg,"
		",366,300,3,0,pothole,Unspecified,0,0,"
			"
578,dataset,/CSE-800/Thesis/2020-01-23/dataset/img-345.jpg,"
		",514,300,3,0,pothole,Unspecified,0,0,"
			"
579,dataset,/CSE-800/Thesis/2020-01-23/dataset/img-522.jpg,"
		",450,300,3,0,pothole,Unspecified,0,0,"
			"
580,dataset,/CSE-800/Thesis/2020-01-23/dataset/img-199.jpg,"
		",720,720,3,0,pothole,Unspecified,0,0,"
			"
581,dataset,/CSE-800/Thesis/2020-01-23/dataset/img-650.jpg,"
		",435,300,3,0,pothole,Unspecified,0,0,"
			"
582,dataset,/CSE-800/Thesis/2020-01-23/dataset/img-341.jpg,"
		",453,300,3,0,pothole,Unspecified,1,0,"
			"
583,dataset,/CSE-800/Thesis/2020-01-23/dataset/img-122.jpg,"
		",720,720,3,0,pothole,Unspecified,0,0,"
			"
584,dataset,/CSE-800/Thesis/2020-01-23/dataset/img-26.jpg,"
		",720,720,3,0,pothole,Unspecified,0,0,"
			"
585,dataset,/CSE-800/Thesis/2020-01-23/dataset/img-175.jpg,"
		",720,720,3,0,pothole,Unspecified,0,0,"
			"
586,dataset,/CSE-800/Thesis/2020-01-23/dataset/img-386.jpg,"
		",494,300,3,0,pothole,Unspecified,0,0,"
			"
587,dataset,/CSE-800/Thesis/2020-01-23/dataset/img-40.jpg,"
		",720,720,3,0,pothole,Unspecified,0,0,"
			"
588,dataset,/CSE-800/Thesis/2020-01-23/dataset/img-49.jpg,"
		",720,720,3,0,pothole,Unspecified,0,0,"
			"
589,dataset,/CSE-800/Thesis/2020-01-23/dataset/img-64.jpg,"
		",720,720,3,0,pothole,Unspecified,0,0,"
			"
590,dataset,/CSE-800/Thesis/2020-01-23/dataset/img-367.jpg,"
		",449,300,3,0,pothole,Unspecified,0,0,"
			"
591,dataset,/CSE-800/Thesis/2020-01-23/dataset/img-663.jpg,"
		",335,300,3,0,pothole,Unspecified,0,0,"
			"
592,dataset,/CSE-800/Thesis/2020-01-23/dataset/img-374.jpg,"
		",383,300,3,0,pothole,Unspecified,0,0,"
			"
593,dataset,/CSE-800/Thesis/2020-01-23/dataset/img-566.jpg,"
		",438,300,3,0,pothole,Unspecified,0,0,"
			"
594,dataset,/CSE-800/Thesis/2020-01-23/dataset/img-208.jpg,"
		",720,720,3,0,pothole,Unspecified,0,0,"
			"
595,dataset,/CSE-800/Thesis/2020-01-23/dataset/img-32.jpg,"
		",720,720,3,0,pothole,Unspecified,0,0,"
			"
596,dataset,/CSE-800/Thesis/2020-01-23/dataset/img-177.jpg,"
		",720,720,3,0,pothole,Unspecified,0,0,"
			"
597,dataset,/CSE-800/Thesis/2020-01-23/dataset/img-516.jpg,"
		",453,300,3,0,pothole,Unspecified,0,0,"
			"
598,dataset,/CSE-800/Thesis/2020-01-23/dataset/img-157.jpg,"
		",720,720,3,0,pothole,Unspecified,0,0,"
			"
599,dataset,/CSE-800/Thesis/2020-01-23/dataset/img-319.jpg,"
		",300,369,3,0,pothole,Unspecified,0,0,"
			"
600,dataset,/CSE-800/Thesis/2020-01-23/dataset/img-182.jpg,"
		",720,720,3,0,pothole,Unspecified,0,0,"
			"
601,dataset,/CSE-800/Thesis/2020-01-23/dataset/img-219.jpg,"
		",720,720,3,0,pothole,Unspecified,0,0,"
			"
602,dataset,/CSE-800/Thesis/2020-01-23/dataset/img-34.jpg,"
		",720,720,3,0,pothole,Unspecified,0,0,"
			"
603,dataset,/CSE-800/Thesis/2020-01-23/dataset/img-249.jpg,"
		",720,720,3,0,pothole,Unspecified,0,0,"
			"
604,dataset,/CSE-800/Thesis/2020-01-23/dataset/img-176.jpg,"
		",720,720,3,0,pothole,Unspecified,0,0,"
			"
605,dataset,/CSE-800/Thesis/2020-01-23/dataset/img-293.jpg,"
		",400,300,3,0,pothole,Unspecified,0,0,"
			"
606,dataset,/CSE-800/Thesis/2020-01-23/dataset/img-194.jpg,"
		",720,720,3,0,pothole,Unspecified,0,0,"
			"
607,dataset,/CSE-800/Thesis/2020-01-23/dataset/img-609.jpg,"
		",400,300,3,0,pothole,Unspecified,0,0,"
			"
608,dataset,/CSE-800/Thesis/2020-01-23/dataset/img-541.jpg,"
		",450,300,3,0,pothole,Unspecified,1,0,"
			"
609,dataset,/CSE-800/Thesis/2020-01-23/dataset/img-36.jpg,"
		",720,720,3,0,pothole,Unspecified,0,0,"
			"
610,dataset,/CSE-800/Thesis/2020-01-23/dataset/img-168.jpg,"
		",720,720,3,0,pothole,Unspecified,0,0,"
			"
611,dataset,/CSE-800/Thesis/2020-01-23/dataset/img-401.jpg,"
		",533,300,3,0,pothole,Unspecified,0,0,"
			"
612,dataset,/CSE-800/Thesis/2020-01-23/dataset/img-542.jpg,"
		",404,300,3,0,pothole,Unspecified,1,0,"
			"
613,dataset,/CSE-800/Thesis/2020-01-23/dataset/img-512.jpg,"
		",400,300,3,0,pothole,Unspecified,0,0,"
			"
614,dataset,/CSE-800/Thesis/2020-01-23/dataset/img-451.jpg,"
		",470,300,3,0,pothole,Unspecified,0,0,"
			"
615,dataset,/CSE-800/Thesis/2020-01-23/dataset/img-270.jpg,"
		",720,720,3,0,pothole,Unspecified,0,0,"
			"
616,dataset,/CSE-800/Thesis/2020-01-23/dataset/img-405.jpg,"
		",400,300,3,0,pothole,Unspecified,0,0,"
			"
617,dataset,/CSE-800/Thesis/2020-01-23/dataset/img-366.jpg,"
		",462,300,3,0,pothole,Unspecified,0,0,"
			"
618,dataset,/CSE-800/Thesis/2020-01-23/dataset/img-28.jpg,"
		",720,720,3,0,pothole,Unspecified,0,0,"
			"
619,dataset,/CSE-800/Thesis/2020-01-23/dataset/img-640.jpg,"
		",400,300,3,0,pothole,Unspecified,0,0,"
			"
620,dataset,/CSE-800/Thesis/2020-01-23/dataset/img-555.jpg,"
		",400,300,3,0,pothole,Unspecified,0,0,"
			"
621,dataset,/CSE-800/Thesis/2020-01-23/dataset/img-436.jpg,"
		",534,300,3,0,pothole,Unspecified,0,0,"
			"
622,dataset,/CSE-800/Thesis/2020-01-23/dataset/img-288.jpg,"
		",533,300,3,0,pothole,Unspecified,0,0,"
			"
623,dataset,/CSE-800/Thesis/2020-01-23/dataset/img-297.jpg,"
		",533,300,3,0,pothole,Unspecified,0,0,"
			"
624,dataset,/CSE-800/Thesis/2020-01-23/dataset/img-250.jpg,"
		",720,720,3,0,pothole,Unspecified,0,0,"
			"
625,dataset,/CSE-800/Thesis/2020-01-23/dataset/img-372.jpg,"
		",479,300,3,0,pothole,Unspecified,0,0,"
			"
626,dataset,/CSE-800/Thesis/2020-01-23/dataset/img-622.jpg,"
		",655,300,3,0,pothole,Unspecified,0,0,"
			"
627,dataset,/CSE-800/Thesis/2020-01-23/dataset/img-217.jpg,"
		",720,720,3,0,pothole,Unspecified,0,0,"
			"
628,dataset,/CSE-800/Thesis/2020-01-23/dataset/img-564.jpg,"
		",400,300,3,0,pothole,Unspecified,0,0,"
			"
629,dataset,/CSE-800/Thesis/2020-01-23/dataset/img-143.jpg,"
		",720,720,3,0,pothole,Unspecified,0,0,"
			"
630,dataset,/CSE-800/Thesis/2020-01-23/dataset/img-491.jpg,"
		",480,300,3,0,pothole,Unspecified,0,0,"
			"
631,dataset,/CSE-800/Thesis/2020-01-23/dataset/img-72.jpg,"
		",720,720,3,0,pothole,Unspecified,0,0,"
			"
632,dataset,/CSE-800/Thesis/2020-01-23/dataset/img-62.jpg,"
		",720,720,3,0,pothole,Unspecified,0,0,"
			"
633,dataset,/CSE-800/Thesis/2020-01-23/dataset/img-494.jpg,"
		",400,300,3,0,pothole,Unspecified,0,0,"
			"
634,dataset,/CSE-800/Thesis/2020-01-23/dataset/img-415.jpg,"
		",400,300,3,0,pothole,Unspecified,0,0,"
			"
635,dataset,/CSE-800/Thesis/2020-01-23/dataset/img-303.jpg,"
		",456,300,3,0,pothole,Unspecified,0,0,"
			"
636,dataset,/CSE-800/Thesis/2020-01-23/dataset/img-277.jpg,"
		",720,720,3,0,pothole,Unspecified,0,0,"
			"
637,dataset,/CSE-800/Thesis/2020-01-23/dataset/img-134.jpg,"
		",720,720,3,0,pothole,Unspecified,0,0,"
			"
638,dataset,/CSE-800/Thesis/2020-01-23/dataset/img-146.jpg,"
		",720,720,3,0,pothole,Unspecified,0,0,"
			"
639,dataset,/CSE-800/Thesis/2020-01-23/dataset/img-63.jpg,"
		",720,720,3,0,pothole,Unspecified,0,0,"
			"
640,dataset,/CSE-800/Thesis/2020-01-23/dataset/img-501.jpg,"
		",450,300,3,0,pothole,Unspecified,0,0,"
			"
641,dataset,/CSE-800/Thesis/2020-01-23/dataset/img-224.jpg,"
		",720,720,3,0,pothole,Unspecified,0,0,"
			"
642,dataset,/CSE-800/Thesis/2020-01-23/dataset/img-100.jpg,"
		",720,720,3,0,pothole,Unspecified,0,0,"
			"
643,dataset,/CSE-800/Thesis/2020-01-23/dataset/img-60.jpg,"
		",720,720,3,0,pothole,Unspecified,0,0,"
			"
644,dataset,/CSE-800/Thesis/2020-01-23/dataset/img-75.jpg,"
		",720,720,3,0,pothole,Unspecified,0,0,"
			"
645,dataset,/CSE-800/Thesis/2020-01-23/dataset/img-493.jpg,"
		",300,400,3,0,pothole,Unspecified,0,0,"
			"
646,dataset,/CSE-800/Thesis/2020-01-23/dataset/img-38.jpg,"
		",720,720,3,0,pothole,Unspecified,0,0,"
			"
647,dataset,/CSE-800/Thesis/2020-01-23/dataset/img-142.jpg,"
		",720,720,3,0,pothole,Unspecified,0,0,"
			"
648,dataset,/CSE-800/Thesis/2020-01-23/dataset/img-317.jpg,"
		",450,300,3,0,pothole,Unspecified,0,0,"
			"
649,dataset,/CSE-800/Thesis/2020-01-23/dataset/img-569.jpg,"
		",400,300,3,0,pothole,Unspecified,0,0,"
			"
650,dataset,/CSE-800/Thesis/2020-01-23/dataset/img-85.jpg,"
		",720,720,3,0,pothole,Unspecified,0,0,"
			"
651,dataset,/CSE-800/Thesis/2020-01-23/dataset/img-41.jpg,"
		",720,720,3,0,pothole,Unspecified,0,0,"
			"
652,dataset,/CSE-800/Thesis/2020-01-23/dataset/img-529.jpg,"
		",450,300,3,0,pothole,Unspecified,0,0,"
			"
653,dataset,/CSE-800/Thesis/2020-01-23/dataset/img-201.jpg,"
		",720,720,3,0,pothole,Unspecified,0,0,"
			"
654,dataset,/CSE-800/Thesis/2020-01-23/dataset/img-20.jpg,"
		",720,720,3,0,pothole,Unspecified,0,0,"
			"
655,dataset,/CSE-800/Thesis/2020-01-23/dataset/img-499.jpg,"
		",400,300,3,0,pothole,Unspecified,0,0,"
			"
656,dataset,/CSE-800/Thesis/2020-01-23/dataset/img-149.jpg,"
		",720,720,3,0,pothole,Unspecified,0,0,"
			"
657,dataset,/CSE-800/Thesis/2020-01-23/dataset/img-315.jpg,"
		",450,300,3,0,pothole,Unspecified,0,0,"
			"
658,dataset,/CSE-800/Thesis/2020-01-23/dataset/img-421.jpg,"
		",533,300,3,0,pothole,Unspecified,0,0,"
			"
659,dataset,/CSE-800/Thesis/2020-01-23/dataset/img-480.jpg,"
		",450,300,3,0,pothole,Unspecified,0,0,"
			"
660,dataset,/CSE-800/Thesis/2020-01-23/dataset/img-430.jpg,"
		",451,300,3,0,pothole,Unspecified,0,0,"
			"
661,dataset,/CSE-800/Thesis/2020-01-23/dataset/img-475.jpg,"
		",460,300,3,0,pothole,Unspecified,0,0,"
			"
662,dataset,/CSE-800/Thesis/2020-01-23/dataset/img-7.jpg,"
		",720,720,3,0,pothole,Unspecified,0,0,"
			"
663,dataset,/CSE-800/Thesis/2020-01-23/dataset/img-560.jpg,"
		",450,300,3,0,pothole,Unspecified,0,0,"
			"
664,dataset,/CSE-800/Thesis/2020-01-23/dataset/img-106.jpg,"
		",720,720,3,0,pothole,Unspecified,0,0,"
			"
